Category,n_purchases,total_spend,avg_price
ABIS_BOOK,87619,1359183.61,15.13217213161529
GIFT_CARD,27734,900642.61,30.612202350905026
PET_FOOD,38256,773577.34,18.016774884985363
NUTRITIONAL_SUPPLEMENT,26913,622680.77,21.735987069445994
NOTEBOOK_COMPUTER,1040,587336.59,557.8433942307693
SHOES,12758,576419.42,44.957842922088105
HEADPHONES,11394,546323.79,46.669515534491836
SHIRT,27267,514584.54,18.430140096086845
PANTS,15944,409062.39,24.584957350727546
HEALTH_PERSONAL_CARE,16625,312761.77,17.614486616541356
CELLULAR_PHONE,1150,309828.8,256.8471739130435
COMPUTER_DRIVE_OR_STORAGE,3010,287823.71,89.79257142857143
PHYSICAL_VIDEO_GAME_SOFTWARE,6829,274749.4,39.66821789427442
MONITOR,1235,268168.69,207.36688259109312
CHAIR,2201,256818.39,108.9960517946388
TELEVISION,608,247842.43,406.62083881578945
TOYS_AND_GAMES,11626,237973.13,19.833824187166694
MATTRESS,1186,235648.47,189.0389460370995
COFFEE,10761,235227.67,19.90908930396803
TOY_FIGURE,11543,234719.04,19.71606514770857
CELLULAR_PHONE_CASE,15370,229662.82,14.74657709824333
DRESS,7960,228482.75,28.595608040201007
TABLET_COMPUTER,751,227574.64,295.70427430093207
MEDICATION,16185,226788.72,12.701145505097314
ELECTRONIC_CABLE,18268,222390.71,11.42393693890957
SKIN_MOISTURIZER,13666,208573.2,14.534582174740232
PET_SUPPLIES,10902,198408.34,17.187552742616035
BLANKET,5685,193748.99,33.21373614775725
VITAMIN,10908,186944.85,16.060980014668136
DRINK_FLAVORED,9775,183024.1,16.649205115089515
BOOT,3167,182740.63,57.488620145247864
PERSONAL_COMPUTER,414,179504.26,429.4605072463768
WEARABLE_COMPUTER,1246,177337.78,138.94658908507225
VACUUM_CLEANER,1830,173974.58,89.1091912568306
INCONTINENCE_PROTECTOR,4900,167145.06,31.99507959183674
DOWNLOADABLE_VIDEO_GAME,5669,166821.1,28.261793967189984
HERBAL_SUPPLEMENT,8728,164297.94,17.39676329055912
VIDEO_GAME_CONSOLE,838,164100.41,194.67194510739856
SPEAKERS,2326,160888.08,66.7839724849527
CHARGING_ADAPTER,8175,160851.17,18.928130886850152
BED_FRAME,1105,158699.54,138.51289592760182
LAMP,5408,157379.4,27.431488535502957
BATTERY,10415,156669.49,14.194497359577532
SOCKS,10170,156450.55,14.378679449360867
SKIN_CLEANING_AGENT,11415,149510.91,12.434586070959263
OUTDOOR_LIVING,5492,149179.38999999998,25.963621631463948
DRINKING_CUP,7835,147058.11,17.67668666241225
ELECTRONIC_GIFT_CARD,2975,146358.52,39.29025882352941
BRA,6355,143731.12,21.927839496459477
BEAUTY,8894,143230.44,15.425437373510231
RUG,3694,142116.68,36.728827828911754
COAT,2950,140646.58,47.446705084745766
TABLETOP_GAME,7176,140216.51,19.05287068004459
HOME,7098,139140.75,18.43882220343759
ABIS_GIFT_CARD,5947,138117.0,22.372961156885825
SHELF,3021,136755.11,40.76300562727573
SPORTING_GOODS,4996,135430.57,25.956763410728584
CLEANING_AGENT,10612,134684.96,12.144925555974368
DESK,1097,134270.99,119.96097538742023
VIDEO_CARD,416,132333.24,309.35194711538463
TOY_BUILDING_BLOCK,4335,131518.21,29.712712802768166
PROTEIN_SUPPLEMENT_POWDER,3519,131190.2,35.011861324239845
SHORTS,6274,130804.87,20.084968122409947
PORTABLE_ELECTRONIC_DEVICE_COVER,7629,130163.28,16.777522611089264
UNDERPANTS,6873,128769.17,17.578985886803434
GROCERY,12112,124736.24,8.974786162483488
SNACK_FOOD_BAR,7615,124366.71,13.3098043335522
SWIMWEAR,5006,123490.9,24.507479025169797
DIGITAL_DEVICE_3,2439,122652.52,45.606334563345634
MASSAGER,3244,118412.17,35.90112823674476
ROBOTIC_VACUUM_CLEANER,558,118132.1,210.3051254480287
CAMERA_DIGITAL,364,117874.93,322.6368681318681
CURTAIN,4561,117444.22,19.988616531462398
LIGHT_FIXTURE,2567,116722.69,39.52537982080249
SANDAL,3641,115860.25,31.732186212578963
INKJET_PRINTER_INK,3702,114535.62,29.031577525661802
BED_LINEN_SET,3318,113302.76,32.72525919228451
FOOD,12453,110956.4,7.542107122781659
PHYSICAL_MOVIE,6920,110106.76,15.756127167630057
KEYBOARDS,2287,108701.46,47.19475732400525
AMAZON_TABLET,1220,107288.09,83.96041803278689
WRITING_INSTRUMENT,8483,107197.17,12.028232936461158
COFFEE_MAKER,1796,105587.61,58.497973273942094
LIGHT_BULB,5030,105179.73,18.0174055666004
TABLE,1363,104940.12,71.89462949376376
NETWORKING_ROUTER,972,104766.83,106.61320987654321
TOILET_PAPER,4855,104530.51,20.367802265705457
STRING_LIGHT,4318,104261.45,20.45709819360815
SWEATSHIRT,4118,104181.78,24.901321029626033
KITCHEN,5290,103437.81,18.931998109640833
PRINTER,976,102933.0,104.21797131147541
BACKPACK,2900,99533.13,33.90781034482758
ELECTRIC_FAN,2328,99094.38,39.02328178694158
FOOD_STORAGE_CONTAINER,4533,98379.73,20.582067063754685
AIR_PURIFIER,960,97905.58,95.85304166666667
TEA,6584,95844.25,13.430666767922235
ANIMAL_LITTER,4552,95587.64,18.99592926186292
SCREEN_PROTECTOR,9640,94728.53,9.620842323651452
WASTE_BAG,5969,93825.63,15.006769978220808
MATTRESS_COVER,2301,92814.19,38.90996523250761
HVAC_AIR_FILTER,2942,91619.73,30.07768864717879
HAT,5619,91550.75,15.941765438690158
ABIS_MUSIC,5283,90977.6,17.10604959303426
POTABLE_WATER_FILTER,3277,90688.53,26.551815685077816
VDO_DEVICES,1084,90233.43,79.70825645756457
SWEATER,3416,89955.73,26.19967213114754
COMPUTER_PROCESSOR,438,89949.86,203.01146118721462
FURNITURE,682,89253.71,128.93714076246334
AUTO_ACCESSORY,3466,88556.09,24.58444027697634
INPUT_MOUSE,3154,88366.72,27.600123652504752
BODY_POSITIONER,2692,87094.14,31.692165676077266
PILLOW,2653,86748.38,30.132009046362608
VIDEO_GAME_ACCESSORIES,1279,85174.4,65.06423768569195
ANIMAL_NUTRITIONAL_SUPPLEMENT,3278,85142.91,23.832617449664426
INTERNAL_MEMORY,1010,83645.53,79.2379306930693
TOOLS,3157,82115.24,24.084732340829902
BABY_PRODUCT,4185,81897.54,18.60617204301075
PET_TOY,7261,81864.09,10.735986778680623
LAUNDRY_DETERGENT,5400,81684.96,14.354809259259259
CADDY,4197,81671.28,18.386947819871338
SECURITY_CAMERA,1160,80858.93,65.1318275862069
VIDEO_GAME_CONTROLLER,1795,80339.83,43.81915877437326
TOWEL,4594,79997.65,16.35769917283413
ART_CRAFT_KIT,4849,79907.96,16.027234481336357
FLASH_MEMORY,3343,79370.22,21.731723003290455
MINERAL_SUPPLEMENT,4487,78652.41,16.43157566302652
COSTUME_OUTFIT,2725,78452.76,28.58808807339449
HANDBAG,2446,78410.28,31.825592804578903
AIR_CONDITIONER,308,78231.14,245.17477272727274
SAFETY_MASK,4883,78185.31999999999,14.426635265205816
CAMERA_LENSES,392,76563.11,195.12160714285713
SKIN_CLEANING_WIPE,5337,75282.04,13.067170695147087
SUGAR_CANDY,5920,72792.09,11.316697635135137
ORTHOPEDIC_BRACE,3698,72145.68,18.740800432666305
HAIR_STYLING_AGENT,5105,70952.43,13.390311459353574
STATIONARY_BICYCLE,334,70831.33,211.66257485029942
MICROPHONE,1313,70312.28,51.71641279512566
TREADMILL,175,69867.88,398.10222857142855
DIGITAL_DEVICE_4,1640,69146.39,38.848823170731706
FIGURINE,3719,69081.65,17.067219682710405
WALL_ART,3674,68001.76,17.91307838867719
BOTTLE,4353,67630.09,14.790558235699516
BOARD_GAME,2702,67446.27,24.835725388601038
PICTURE_FRAME,2838,66201.83,20.889517265680055
CAMCORDER,1132,65439.58,56.97691696113075
WATER,4813,64986.36,11.007988780386453
ELECTRONIC_ADAPTER,4890,64894.73,12.862779141104294
SHAMPOO,4736,64698.2,13.063091216216216
PET_PEST_CONTROL,1941,64627.45,30.608258629572383
AUTO_PART,1690,63804.81,36.06204733727811
OFFICE_PRODUCTS,3546,62703.83,16.31324027072758
MOTHERBOARD,473,61974.91,130.70044397463002
CONDITIONER,4378,61849.33,13.442434901781636
CABINET,560,61489.64,96.794625
NECKLACE,3579,61402.98,16.70360715283599
SOFA,208,61211.86,292.62923076923073
AMAZON_BOOK_READER,505,60940.61,114.81366336633664
SLIPPER,2711,60779.549999999996,22.159594245665804
STANDALONE_STREAMING_MEDIA_PLAYER,1066,59665.57,51.58904315196998
TOOTHBRUSH,2848,58983.56,19.862050561797755
POWER_STRIP,2856,58811.04,19.01830532212885
PUZZLES,3418,58649.61,16.881035693387947
STORAGE_BOX,1843,58166.74,28.913673358654368
PLANTER,2365,56790.28,21.49680338266385
PAJAMAS,2389,56709.13,23.38832565927166
PAPER_TOWEL,2330,56465.04,22.751330472103003
ADHESIVE_TAPES,5028,56171.22,10.574017501988862
SNACK_CHIP_AND_CRISP,5912,56149.77,8.725128552097429
PLANT_SEED,3041,56043.86,17.233294968760276
OUTDOOR_RECREATION_PRODUCT,2194,55985.11,24.482160437556974
ELECTRONIC_COMPONENT_FAN,1447,55970.45,34.89542501727713
CHOCOLATE_CANDY,3921,55852.64,13.11245090538128
NUT_AND_SEED,4715,55703.24,10.615425238600213
PAINT,3483,55411.9,14.970712029859316
MARKING_PEN,4440,55163.3,11.995695945945945
SUNGLASSES,2342,54962.32,23.28437660119556
FLAT_SCREEN_DISPLAY_MOUNT,1498,54677.43,35.06430574098798
STORAGE_RACK,1999,54558.15,25.424207103551776
SKIN_TREATMENT_MASK,3870,54185.17,13.383583979328165
WEIGH_SCALE,2562,54155.89,21.099988290398127
PET_ACTIVITY_STRUCTURE,1712,52049.83,29.60803738317757
NON_RIDING_TOY_VEHICLE,2454,51995.75,20.75269763651182
HARDWARE_HANDLE,1912,51683.51,22.27856171548117
BEDDING_SET,976,51419.45,52.07676229508196
STICKER_DECAL,5311,51364.06,9.248990773865563
PET_BED_MAT,1665,50552.92,28.87306906906907
APPAREL,2456,50484.43,19.798998371335504
INFANT_TODDLER_CAR_SEAT,464,50214.22,100.99571120689656
BODY_DEODORANT,4058,49965.49,11.82101774273041
PORTABLE_ELECTRONIC_DEVICE_MOUNT,2636,49828.55,17.845694233687404
PROTEIN_DRINK,1986,49201.54,22.008559919436053
WATCH,1224,49142.9,39.18688725490196
WIG,1905,49115.24,25.62933333333333
COOKIE,5047,48917.64,8.662789776104617
ART_SUPPLIES,3124,48868.25,15.07111395646607
ELECTRIC_SHAVER,1327,48652.36,36.34932177844763
LOCK,1559,48627.44,29.10762668377165
BONDING_ADHESIVES,4372,48257.13,10.31593549862763
PEST_CONTROL_DEVICE,2681,47994.27,16.598183513614323
BLANK_BOOK,3422,47842.24,13.258915838690825
WATCH_BAND,3667,47813.52,12.974120534496864
POWER_BANK,1495,46998.479999999996,30.288066889632105
MEAT,4963,46823.3,7.984992947813821
ELECTRONIC_SWITCH,1494,46753.45,28.110394912985274
EARRING,3106,46687.17,14.740202833226014
PRESSURE_COOKER,614,46444.24,74.7044951140065
RING,2339,46019.73,19.40720820863617
TOOTH_CLEANING_AGENT,4348,45901.85,10.199728610855566
PERSONAL_FRAGRANCE,1820,45840.78,24.526087912087913
MEAL_REPLACEMENT_BEVERAGE,1465,45682.159999999996,28.686354948805462
SEXUAL_STIMULATION_DEVICE,1556,45517.36,28.97770565552699
FOOD_BLENDER,826,45271.97,53.8490799031477
SAUCE,5235,45197.05,8.072876790830946
PORTABLE_ELECTRONIC_DEVICE_STAND,2305,45063.29,18.969366594360086
HARDWARE_TUBING,1872,44820.55,22.251041666666666
STORAGE_BAG,2439,44615.75,17.24239032390324
THERMOMETER,2434,44258.4,17.64981511914544
SUITCASE,486,44228.01,89.65825102880659
GRAPHIC_TABLET,612,44137.32,71.2282679738562
WALLET,2418,44125.25,18.084090157154673
CANDLE,2707,44064.24,15.35853343184337
HAIR_COLORING_AGENT,3375,43853.5,12.016933333333334
ELECTRICITY_GENERATOR,122,43848.94,355.882868852459
TRASH_CAN,1475,43800.45,28.439071186440675
BREAKFAST_CEREAL,5016,43180.83,7.637294657097288
SYSTEM_POWER_DEVICE,567,43082.54,74.80024691358024
PROFESSIONAL_HEALTHCARE,1926,42997.74,19.0626272066459
SUNSCREEN,2478,42289.97,15.625230024213074
VIDEO_PROJECTOR,229,42258.52,181.0373362445415
STORAGE_HOOK,3248,42054.38,11.981428571428571
FAUCET,710,41992.7,55.03157746478873
FRUIT,8323,41956.0,4.470546677880572
RECREATION_BALL,1969,41805.04,19.720396140172674
VEGETABLE,12073,41625.270000000004,2.9005814627681605
PLUMBING_FIXTURE,1448,41473.44,27.620165745856355
PROTECTIVE_GLOVE,2486,41353.06,14.54223652453741
CONSUMER_ELECTRONICS,1925,41211.3,21.122124675324674
CARRIER_BAG_CASE,2005,41150.67,19.495221945137157
PHYSICAL_TV_SERIES,1681,40859.33,23.904110648423558
SAUTE_FRY_PAN,1355,40827.43,29.99826568265683
INPUT_PEN,1354,40044.2,27.904158050221568
PET_FEEDER,1870,39655.36,19.67575935828877
LABEL,3276,39540.45,10.996007326007325
KITCHEN_KNIFE,1389,39092.31,27.622627789776818
FURNITURE_COVER,1186,39075.43,30.12946880269815
WATER_PURIFICATION_UNIT,997,38603.67,37.6602407221665
HANGING_ROD,1419,38445.83,22.383128964059196
CLEANING_BRUSH,2905,38105.18,12.643917383820998
VIRTUAL_REALITY_HEADSET,402,37935.74,92.80313432835821
HOME_MIRROR,1106,37921.05,33.37239602169982
REMOTE_CONTROL,1958,37740.79,18.640449438202246
SKIRT,1781,37705.869999999995,20.949387984278495
RESPIRATOR,1491,37584.81,23.11678068410463
HAIR_TRIMMER,1320,37111.94,27.9804696969697
KEYBOARD_INSTRUMENTS,213,36954.0,173.15408450704226
SKIN_SERUM,1847,36191.36,19.221911207363295
AIR_FRYER,426,36145.43,83.65636150234742
AIR_MATTRESS,579,35990.54,58.71269430051814
JUICE_AND_JUICE_DRINK,3317,35584.41,8.731703346397348
THERMOS,1486,35563.5,23.475067294751007
HUMIDIFIER,957,35503.9,35.78917450365726
PACKAGED_SOUP_AND_STEW,4076,35403.3,7.293483807654564
THERMOPLASTIC_FILAMENT,1455,35402.46,22.37794501718213
WIRELESS_ACCESSORY,1746,35303.03,19.890962199312717
JERKY,2171,35018.78,13.112261630584985
COMPUTER_CHASSIS,460,34820.05,74.32563043478261
AREA_DEODORIZER,2938,34810.19,11.157423417290675
PLANNER,2202,34456.49,15.30286557674841
ENVELOPE,2359,34449.74,13.470305214073761
ANIMAL_COLLAR,1830,34253.86,17.874497267759562
DEHUMIDIFIER,505,34224.18,66.64469306930692
NETWORK_INTERFACE_CONTROLLER_ADAPTER,1491,34080.659999999996,22.241696847753186
HOME_FURNITURE_AND_DECOR,620,33967.88,53.148790322580645
FLAVORED_DRINK_CONCENTRATE,2826,33892.47,10.999649681528663
LITTER_BOX,1091,33845.14,28.96537121906508
POULTRY,4011,33628.02,6.9647943156320125
NAIL_POLISH,2826,33459.13,11.683241330502476
SKIN_EXFOLIANT,2309,33366.07,13.89203984408835
INSTRUMENT_PARTS_AND_ACCESSORIES,1598,33168.71,20.2229662077597
TUNIC,1640,33072.189999999995,20.048871951219514
REFRIGERATOR,272,33038.18,120.91882352941175
SPACE_HEATER,639,33003.37,48.73403755868544
ABIS_DOWNLOADABLE_SOFTWARE,666,32954.74,49.33043543543543
ANIMAL_CAGE,431,32740.41,72.73986078886311
BUILDING_MATERIAL,1493,32569.81,18.091627595445413
DISHWARE_PLATE,1652,31936.5,17.82269975786925
BRACELET,2005,31879.75,15.273665835411471
NOODLE,3770,31862.69,7.242137931034483
DUMBBELL,505,31812.06,58.157366336633665
APPAREL_BELT,1898,31776.55,16.480995785036882
HAIR_CLEANER_CONDITIONER,1505,31689.72,20.73279734219269
GREETING_CARD,2613,31661.96,11.39588978185993
CLOTHES_HANGER,1545,31650.27,19.01453721682848
3D_PRINTER,208,31496.600000000002,150.57557692307694
UMBRELLA,910,31458.36,30.422318681318682
SHOE_INSERT,1804,31250.72,16.561524390243903
FOOD_STORAGE_BAG,2475,30996.04,11.669422222222222
JEWELRY_STORAGE,1460,30960.79,20.652527397260272
BARBECUE_GRILL,259,30844.68,118.4038223938224
TOY_FIGURE_PLAYSET,1288,30753.3,23.67876552795031
LASER_PRINTER_TONER,507,30627.34,53.170532544378695
MUSICAL_INSTRUMENTS,563,30608.94,53.66278863232682
BIOMETRIC_MONITOR,352,30504.74,82.43960227272727
HAIR_IRON,940,30470.75,32.36571276595745
LEOTARD,1696,30412.36,17.790088443396225
HAIR_DRYER,889,30401.28,34.037300337457815
FRUIT_SNACK,3267,30339.26,8.28112641567187
DISHWASHER_DETERGENT,2140,30192.489999999998,13.595747663551403
DRESSER,265,30149.56,110.09769811320754
HANGING_ORNAMENT,1884,30090.06,14.041916135881104
ARTIFICIAL_PLANT,1572,29951.89,16.915699745547073
BAKING_PAN,1846,29867.739999999998,15.313694474539544
DISHWARE_BOWL,1583,29857.47,18.267169930511688
HAIR_BRUSH,2633,29783.28,11.138393467527536
ESSENTIAL_OIL,2389,29626.88,12.132113855169527
CLOCK,1175,29591.03,24.68336170212766
CARPET_UPHOLSTERY_CLEANING_MACHINE,246,29346.4,118.60333333333332
WATER_PUMP,541,29239.76,53.608539741219964
GIFT_WRAP,2074,29162.16,12.808389585342333
BICYCLE,185,29108.170000000002,155.16102702702702
EXERCISE_MAT,849,29013.39,32.656925795053006
HERB,3855,28943.84,7.203003891050584
HARDWARE,1570,28854.94,16.09047133757962
UTILITY_CART_WAGON,453,28671.93,61.77401766004415
SAW,439,28590.09,64.17867881548975
FERTILIZER,1628,28506.42,16.45227886977887
TOOTH_WHITENER,1024,28338.36,26.879169921875
DAIRY_BASED_CHEESE,5455,28304.83,4.554131989000917
PRINT_COPY_PAPER,1571,28060.2,16.209191597708465
PESTICIDE,1852,28025.49,14.31356371490281
MEAL_HOLDER,1609,27805.079999999998,16.82985705407085
WRITING_BOARD,1258,27602.55,20.15506359300477
ORAL_IRRIGATOR,649,27535.829999999998,40.618597842835136
EDIBLE_OIL_VEGETABLE,2128,27262.24,12.229755639097743
VEHICLE_TIRE,197,27187.11,72.95355329949238
MAJOR_HOME_APPLIANCES,1177,27170.27,22.4449787595582
LAWN_MOWER,175,27154.13,154.9692
CONSOLE_VIDEO_GAMES,671,27099.33,39.918897168405366
SYRUP,1790,27084.66,14.113659217877096
ROBE,926,27060.579999999998,28.473974082073436
ONBOARD_CAMERA,305,27021.53,86.33967213114754
CAMERA_CONTINUOUS_LIGHT,719,27010.47,37.00521557719054
ANIMAL_HARNESS,1459,26891.3,18.044489376285128
ITEM_STAND,869,26787.14,29.270034522439584
STOOL_SEATING,336,26728.15,66.75318452380952
FLASH_DRIVE,1353,26701.11,18.132779009608278
POWER_CORD,1548,26637.49,15.833540051679586
BATTERY_CHARGER,966,26525.09,27.12095238095238
SUGAR_SUBSTITUTE,1802,26239.19,13.210532741398447
TEMPORARY_GATE,545,26214.82,44.05563302752294
GUITARS,237,26213.62,109.86286919831224
FISH,2045,26029.29,10.853750611246943
SPORT_ACTIVITY_GLOVE,1294,26021.5,19.795757341576508
BABY_FORMULA,394,26004.97,59.331091370558376
CRACKER,3094,25987.84,7.545510665804784
KNIFE,1080,25968.68,23.38189814814815
COUNTERTOP_OVEN,244,25794.63,105.53131147540984
DRYING_RACK,1071,25690.95,23.570709617180206
MULTIPORT_HUB,1124,25674.28,22.47521352313167
HOME_BED_AND_BATH,1249,25634.4,19.667854283426742
BATHWATER_ADDITIVE,1764,25535.78,14.059722222222222
FLASHLIGHT,1178,25531.73,20.762317487266554
PET_APPAREL,1444,25461.44,17.20682132963989
GAS_SMOKE_FIRE_ALARM,664,25459.14,31.704216867469878
MEDICAL_TEST_STRIP,1362,25456.05,18.220491923641703
SHOWERHEAD,837,25313.67,29.176164874551972
COOKWARE_SET,244,25246.85,103.2413524590164
ANIMAL_WATER_DISPENSER,1199,25060.55,20.187397831526273
BANNER,2004,25052.15,12.129306387225549
AMAZON_DEVICE,222,25045.03,99.2595045045045
TOPICAL_HAIR_REGROWTH_TREATMENT,912,24957.01,26.56891447368421
RAZOR_BLADE_CARTRIDGE,1358,24871.44,17.897724594992635
SOUND_AND_RECORDING_EQUIPMENT,481,24779.62,49.906611226611226
TOOTHBRUSH_HEAD,1255,24657.88,19.398804780876493
BODY_LUBRICANT,1744,24564.18,13.56751146788991
SWING,257,24500.4,94.36249027237353
MOUTHWASH,2156,24492.92,10.274935064935065
COSMETIC_CASE,1490,24481.91,16.008389261744966
STROLLER,188,24464.600000000002,130.05664893617023
AROMA_DIFFUSER,972,24450.71,23.331460905349793
PILLOWCASE,1616,24422.04,13.989220297029702
CLOTHES_RACK,699,24336.75,33.58091559370529
WOUND_DRESSING,2148,24295.7,10.040186219739292
COUNTERTOP_GRIDDLE_APPLIANCE,753,24117.19,31.91553784860558
HOME_LIGHTING_ACCESSORY,1130,24101.3,19.37220353982301
MICROWAVE_OVEN,219,23967.46,109.44045662100456
AV_RECEIVER,158,23949.97,144.0504430379747
NIGHTGOWN_NIGHTSHIRT,1249,23884.55,18.909711769415534
RIDE_ON_TOY,258,23864.47,92.04903100775195
TRANSPORT_RACK,248,23847.81,94.46568548387097
SANITARY_NAPKIN,1944,23841.61,11.170128600823045
SPORT_HELMET,653,23296.59,35.26660030627871
GPS_OR_NAVIGATION_SYSTEM,158,23225.66,145.75962025316457
MANUAL_SHAVING_RAZOR,2126,23169.75,10.64230479774224
VALVE,1075,23132.3,19.910567441860465
UNMANNED_AERIAL_VEHICLE,235,23032.760000000002,94.32655319148937
CUTTING_BOARD,1106,22875.04,19.976464737793854
SKIN_FOUNDATION_CONCEALER,2158,22867.86,10.34593141797961
LIP_BALM,2653,22802.22,7.945062193742933
COLLECTIBLE_CARD,1038,22705.8,18.721396917148365
BASKET,934,22597.05,21.90821199143469
SURFACE_CLEANING_WIPE,1808,22576.7,11.280271017699114
PIERCING_JEWELRY,2037,22452.75,10.850422189494354
LAUNDRY_HAMPER,993,22287.69,21.65074521651561
VEHICLE_SEAT_COVER,605,22223.34,35.26092561983471
EXERCISE_BAND,1140,22189.14,19.125342105263158
SCISSORS,1915,22093.12,11.168731070496083
SEWING_MACHINE,184,22036.55,119.36179347826086
FOOD_MIXER,327,21971.68,67.19168195718655
SCIENCE_FUNDAMENTALS_KIT,874,21923.88,24.441361556064074
TOILET_SEAT,735,21839.53,28.23590476190476
POOL_SPA_WATER_TREATMENT,655,21693.79,31.58679389312977
ARTIFICIAL_TREE,378,21676.45,56.17645502645503
ELECTRONIC_DEVICE_DOCKING_STATION,223,21579.72,78.42959641255605
WRENCH,874,21425.25,24.12703661327231
KICK_SCOOTER,214,21343.760000000002,98.62579439252337
EYELID_COLOR,2221,21288.65,9.330868977937866
MOUSE_PAD,1600,21278.52,13.0322625
CHEWING_GUM,1788,21211.2,10.974384787472037
DECORATIVE_PILLOW_COVER,1382,21077.9,14.171953690303907
PRIME,265,21056.62,79.45894339622642
AIMING_SCOPE_SIGHT,300,20941.46,69.16186666666667
VEHICLE_LIGHT_ASSEMBLY,421,20786.71,47.57684085510689
DIE_CUT_MACHINE,186,20738.6,111.27887096774192
BREAD,4420,20650.08,4.239717194570136
VEHICLE_MAT,331,20592.25,62.082930513595166
ELECTRIC_LIGHT,631,20541.7,31.33923930269414
BABY_SEAT,424,20366.61,47.80356132075472
ART_MEDIA_PAPER,1523,20366.24,12.188752462245569
DUFFEL_BAG,634,20282.9,30.451482649842273
ITEM_CONTAINER,950,20171.16,19.071473684210527
CALENDAR,1545,20133.05,12.607605177993527
HAIR_EXTENSION,731,20026.24,25.841299589603285
CAMERA_TRIPOD,749,19895.989999999998,26.186194926568756
TURNTABLE,256,19877.72,77.55875
UTILITY_SPONGE,2189,19849.74,8.77953403380539
KEYBOARD_MOUSE_SET,616,19700.63,30.81172077922078
MODEM,208,19662.29,94.53024038461538
ONE_PIECE_OUTFIT,823,19629.36,23.782612393681653
COORDINATED_OUTFIT,1028,19626.72,19.051303501945522
SEASONING,1938,19624.94,9.519953560371516
TENT,223,19528.11,87.04035874439462
ROWING_MACHINE,75,19442.53,259.2337333333333
TOY_VEHICLE_SET,571,19419.67,33.95183887915937
THERAPEUTIC_THERMAL_COMPRESS,1029,19247.1,18.185325558794947
ELECTRIC_WATER_BOILER,547,19178.91,35.01294332723948
ANIMAL_CARRIER,604,19172.43,30.22046357615894
TABLECLOTH,1049,19153.55,15.39626310772164
FOOD_SLICER,811,19131.87,23.374796547472254
STEAM_CLEANER,279,19078.94,68.38329749103943
SAFETY_GLASSES,1217,19037.49,14.86151191454396
INSECT_REPELLENT,1112,18989.58,14.61894784172662
HAMMOCK,397,18977.77,46.92765743073048
POOL_VACUUM,122,18953.43,155.35598360655737
APPAREL_HEAD_NECK_COVERING,1421,18865.16,12.921513019000704
DECORATIVE_SIGNAGE,1207,18698.64,15.219660314830158
ANTENNA,673,18646.8,26.852466567607724
ICE_MAKER,149,18641.88,123.6369798657718
CAMERA_OTHER_ACCESSORIES,721,18532.17,25.10775312066574
ICE_CHEST,445,18492.43,40.64047191011235
WATER_FLOTATION_DEVICE,745,18439.63,23.850604026845637
STRINGED_INSTRUMENTS,317,18397.18,57.844132492113566
WIRELESS_SIGNAL_REPEATER,397,18362.64,45.93375314861461
DIGITAL_PICTURE_FRAME,153,18327.23,113.48503267973855
LADDER,208,18242.12,86.31980769230769
ASTRINGENT_SUBSTANCE,1470,18232.92,11.752353741496599
TRAY,842,18215.72,20.283420427553445
WINDOW_SHADE,426,18196.47,31.68401408450704
AIR_COMPRESSOR,351,18132.26,51.24433048433048
PRETEND_PLAY_TOY,844,18110.29,21.260770142180096
SNACK_MIX,1384,18086.47,10.90375
LINT_REMOVER,1212,18031.72,14.631806930693068
COMPUTER_COMPONENT,699,17966.03,23.774263233190272
POPCORN,1382,17959.21,10.744117221418236
CALCULATOR,444,17903.48,38.32394144144145
ANTI_FATIGUE_FLOOR_MAT,398,17891.25,38.63831658291457
ELECTRIC_HEATING_PAD,533,17659.3,32.70296435272045
DRILL,262,17619.5,66.23904580152673
PLAYARD,202,17576.55,86.4370792079208
FLOUR,1247,17451.96,13.052068965517241
WIPER_BLADE,1032,17433.77,16.090096899224807
LAB_SUPPLY,881,17402.65,18.876322360953463
ELECTRONIC_FINDER,441,17308.75,36.41517006802721
TIGHTS,1414,17299.36,11.686520509193778
BENCH,214,17293.99,78.18247663551402
VEHICLE_LIGHT_BULB,815,17284.22,20.45916564417178
BLOOD_PRESSURE_MONITOR,493,17219.07,34.23860040567951
YARN,1376,17217.02,10.878488372093022
NUT_BUTTER,1592,17133.43,9.811086683417086
KEYCHAIN,1471,17065.8,10.432209381373216
FOOD_SMOKER,160,17047.91,106.32468750000001
TV_TUNER_CARD,158,17027.75,104.88575949367089
HAIR_CLIP,1846,16921.760000000002,9.055292524377032
FITNESS_BENCH,143,16868.84,117.0548951048951
MECHANICAL_COMPONENTS,670,16797.03,23.770119402985074
WILDLIFE_FEEDER,774,16741.63,20.932881136950904
CAMERA_SUPPORT,319,16721.45,52.03288401253919
DAIRY_BASED_DRINK,2134,16620.62,6.738870665417057
DISPLAY_ALBUM,836,16615.59,18.371877990430622
BALLOON,1321,16604.16,12.040499621498865
FOOD_PROCESSOR,296,16588.79,54.682229729729734
APPAREL_GLOVES,1127,16532.25,14.078163265306122
VEHICLE_SCAN_TOOL,317,16523.17,51.508012618296526
HVAC_CONTROL_THERMOSTAT,241,16510.74,62.64394190871369
CARD_DOCUMENT_SLEEVE,1165,16490.93,12.690978540772532
PHOTOGRAPHIC_FILM,556,16469.02,25.7061690647482
FREESTANDING_SHELTER,119,16450.02,134.66243697478993
TOY_GUN,696,16438.81,21.958620689655174
LAP_DESK,485,16355.49,33.06028865979381
FITTED_SHEET,935,16299.609999999999,16.7251871657754
TRAMPOLINE,164,16225.52,98.93609756097561
ABIS_DVD,960,16223.47,16.839927083333333
RICE_COOKERS,329,16127.97,48.18249240121581
HAIRBAND,1444,16107.9,10.971080332409972
FILE_FOLDER,1104,16046.84,12.669692028985507
MECHANICAL_LIGHTER,1113,15953.37,13.652740341419587
CAMERA_FILM,219,15928.78,70.85255707762556
LEASH,1045,15854.74,14.437272727272727
ENGINE_AIR_FILTER,763,15801.93,20.150144167758846
MASCARA,1699,15704.11,8.746291936433197
HAIR_REMOVAL_AGENT,985,15671.8,15.607096446700508
LUXURY_BEAUTY,566,15637.78,26.67671378091873
CLINICAL_DIAGNOSTIC_TESTING_KIT,351,15546.03,21.86863247863248
COMPUTER_INPUT_DEVICE,394,15490.19,38.2055076142132
STRING_TRIMMER,251,15488.44,61.57151394422311
SLEEP_MASK,1076,15479.71,13.973912639405205
LEGUME,2294,15466.24,5.83716652136007
AUTO_BATTERY,153,15407.08,57.87111111111111
SHIPPING_BOX,523,15391.4,27.899330783938815
TOTE_BAG,758,15387.69,19.88816622691293
TWO_WAY_RADIO,341,15345.16,42.796803519061584
JUMP_STARTER,171,15340.96,83.73362573099416
FLATWARE,752,15308.73,19.341077127659574
AUDIO_MIDI_INTERFACE,132,15228.67,113.0403787878788
KNIFE_SHARPENER,694,15207.08,21.754236311239193
SAFE,420,15107.37,34.53702380952381
COOKING_POT,415,15004.67,35.61730120481928
ART_AND_CRAFT_SUPPLY,949,14966.71,15.05445732349842
WAIST_PACK,877,14958.289999999999,16.579122006841505
LANDLINE_PHONE,288,14896.34,49.90534722222222
MILK_SUBSTITUTE,1590,14850.44,8.009358490566036
AIR_PUMP,728,14840.71,20.106346153846154
COFFEE_FILTER,1260,14791.72,11.345825396825397
FOOD_SPATULA,1032,14756.5,14.095242248062014
GUILD_HOME,658,14755.19,22.06129179331307
COSTUME_HEADWEAR,1059,14734.539999999999,13.138404154863078
OTTOMAN,263,14684.59,54.43053231939163
PRESSURE_WASHER,143,14678.03,102.64356643356643
EARPLUG,1126,14622.93,12.518570159857903
FIDGET_TOY,1137,14563.91,12.183271767810025
DISHWARE_PLACE_SETTING,316,14543.74,40.495316455696205
BREAST_PUMP,547,14534.03,25.859524680073125
CONTAINER_LID,1102,14456.289999999999,12.50587114337568
DIGITAL_DEVICE_3_ACCESSORY,626,14453.57,22.082811501597444
SINK,117,14378.55,120.11846153846153
PUMP_DISPENSER,830,14343.5,15.371072289156626
STORAGE_DRAWER,329,14342.16,40.414863221884495
WASHER,102,14320.67,140.1635294117647
DIGITAL_DEVICE_21_ACCESSORY,35,14319.65,409.1328571428571
STEP_STOOL,523,14299.21,26.676099426386234
BINOCULAR,283,14291.76,49.127773851590106
PAPER_SHREDDER,235,14216.52,60.31289361702128
VACUUM_FILTER,845,14083.199999999999,16.13769230769231
INK_OR_TONER,245,14057.869999999999,52.77416326530612
CEREAL,1248,14054.42,10.34443108974359
GUITAR_EFFECT_DEVICE,166,14046.45,84.57566265060241
SWIMMING_POOL,56,14007.68,249.97678571428574
PITCHER,675,13985.84,20.060296296296297
HOSE_PIPE_FITTING,930,13985.38,12.852322580645161
ANIMAL_SHELTER,369,13982.9,36.003414634146345
FACIAL_TISSUE,1115,13978.18,11.979802690582959
MULTITOOL,671,13961.22,20.04891207153502
FIRE_PIT,159,13957.19,87.1948427672956
VEHICLE_MIRROR,530,13910.06,25.71318867924528
BACKDROP,563,13880.39,23.595293072824155
SIGNAGE,874,13854.7,14.57491990846682
VIDEO_GAME_HARDWARE,78,13827.210000000001,177.2719230769231
DOOR,394,13792.71,32.19208121827411
COSMETIC_BRUSH,1531,13778.81,8.79953625081646
PUMP_SPRAYER,292,13774.47,46.850890410958904
LIP_COLOR,1704,13764.42,7.7912734741784035
ELECTRIC_FOOD_MILL_GRINDER,311,13742.53,44.18819935691319
PACKING_MATERIAL,754,13707.47,16.460450928381963
MACHINE_LUBRICANT,1017,13702.1,12.087295968534907
DENTAL_FLOSS,1625,13665.3,7.932806153846154
SCULPTURE,492,13525.27,26.84502032520325
SCANNER,102,13514.8,131.71382352941177
FABRIC_SOFTENER,1427,13428.11,8.95751226348984
NOISE_MACHINE,450,13418.91,28.353844444444444
SINGLE_BOARD_COMPUTER,290,13411.24,42.52610344827586
MEASURING_CUP,1122,13406.32,11.665089126559714
SOLAR_PANEL,95,13401.92,122.75736842105263
FABRIC,884,13343.64,12.152601809954751
KNIFE_BLOCK_SET,214,13326.380000000001,62.2107476635514
VIVARIUM,478,13292.2,27.09069037656904
SCREWDRIVER,894,13292.119999999999,14.571968680089485
SLEEPING_BAG,294,13244.46,41.652244897959186
AUTO_OIL,514,13223.14,22.810622568093386
HAIR_TIE,1712,13184.67,7.509369158878505
APPENDAGE_WARMER,519,13168.07,23.139479768786128
CRAFT_BEAD,1156,13109.21,10.767076124567474
FASTENER_DRIVE_BIT,740,13063.28,17.32539189189189
SKIN_CARE_AGENT,645,13044.88,18.440217054263567
SCULPTING_MATERIAL,852,13025.99,14.54994131455399
BATHTUB_SHOWER_TRIM_KIT,92,12958.9,137.68260869565216
TELESCOPE,171,12929.2,75.6093567251462
WEED_MOSS_CONTROL_AGENT,515,12915.65,23.29269902912621
VACUUM_SEALER_MACHINE,393,12897.3,31.728676844783713
ELLIPTICAL_TRAINER,59,12888.99,216.71186440677965
BAKING_MIX,1548,12854.25,7.3655167958656325
CORD_MANAGEMENT_COVER,793,12779.48,15.250781841109708
SPRAY_BOTTLE,1176,12709.98,10.15482993197279
TIMER,631,12540.73,18.28445324881141
CORRECTIVE_EYEGLASSES,795,12528.0,15.329056603773585
LEAF_BLOWER,150,12504.38,83.2428
SOIL,766,12454.4,14.733498694516973
FALSE_NAIL,1257,12396.01,9.553508353221957
DRINKING_STRAW,1387,12329.17,8.611196827685653
SLEEPWEAR,617,12263.86,19.41118314424635
ROLLER_SKATE,194,12207.82,62.13221649484536
DISPOSABLE_INCONTINENCE_SURFACE_PROTECTOR,580,12119.33,20.1621724137931
FURNITURE_CART,175,12079.97,69.02839999999999
PERSONAL_CARE_APPLIANCE,566,12052.94,20.54881625441696
BRAKE_KIT,97,11987.17,119.08824742268041
STORAGE_BINDER,794,11969.97,13.640818639798487
PAINT_BRUSH,1053,11944.11,11.049753086419752
KITCHEN_TOOLS,730,11938.66,15.664547945205477
PORTABLE_FREESTANDING_SHELTER,137,11917.039999999999,84.86474452554744
TOASTER,347,11908.66,34.27161383285303
HARDWARE_CLAMP_VISE,607,11900.03,17.465354200988468
BLUE_LIGHT_BLOCKING_EYEGLASSES,678,11832.25,17.249174041297938
SNOW_PANT,291,11797.11,40.39560137457045
UNINTERRUPTIBLE_POWER_SUPPLY,103,11705.9,101.51135922330097
PERSONAL_PILL_DISPENSER,1213,11668.13,9.094509480626545
COSMETIC_NAIL_SET,489,11619.68,23.713087934560328
HAIR_COMB,1183,11619.47,9.653829247675402
WALKER,135,11586.71,84.84748148148148
ELECTRIC_CIRCUIT_TESTING_DEVICE,516,11514.05,22.02048449612403
CHARM,901,11505.83,12.313651498335183
COMPOST_BIN,240,11497.28,47.028
FALSE_EYELASH,992,11463.85,11.198528225806452
BABY_BOTTLE,614,11427.8,17.68428338762215
WINDOW_FILM,572,11360.99,17.346853146853146
VEHICLE_COVER,228,11322.64,47.96635964912281
PRETZEL,1142,11304.94,7.651444833625219
ACCESSORY,802,11290.78,13.659613466334164
FOOD_STRAINER,842,11287.42,12.920641330166271
NON_DAIRY_CREAM,866,11119.96,12.28799076212471
RUG_PAD,412,11068.59,25.126480582524273
BEAN_BAG_CHAIR,148,10962.45,71.13621621621621
MP3_PLAYER,202,10956.98,53.3059900990099
ELECTRONIC_SENSOR,318,10926.88,31.247987421383648
NETWORKING_DEVICE,162,10923.65,63.17734567901234
ADVENT_CALENDAR,404,10917.46,25.86529702970297
RADIO,333,10914.34,31.603873873873873
EYEBROW_COLOR,1031,10893.47,10.09109602327837
CELL_PHONE_GRIP,877,10891.47,12.279863169897379
BABY_CARRIER,200,10887.83,54.2492
EARMUFF,452,10864.49,23.09013274336283
NETWORK_SWITCH,279,10856.18,37.212544802867384
CARGO_STRAP,481,10855.01,20.209417879417877
DECORATIVE_MAGNET,1009,10832.09,10.303260654112982
PUFFED_SNACK,1081,10737.37,9.062035152636447
THICKENING_AGENT,962,10732.73,10.559293139293139
AQUARIUM_POND_WATER_TREATMENT,767,10706.31,12.823780964797914
BARBELL,227,10693.72,43.83488986784141
ANIMAL_INCONTINENCE_PROTECTOR,528,10689.369999999999,17.847424242424243
TONNEAU_COVER,46,10683.36,232.24695652173915
CHAIR_MAT,273,10641.2,36.22095238095238
SELF_TANNER,636,10628.05,16.319575471698112
MUSICAL_INSTRUMENT_AMPLIFIER,73,10568.91,144.77958904109587
VIDEO_DISC_PLAYER,152,10475.31,65.97776315789474
BLAZER,237,10475.13,44.19886075949367
LEAVENING_AGENT,954,10453.13,9.626268343815514
APRON,589,10452.63,15.772665534804755
WALLPAPER,525,10442.58,14.83127619047619
TEXTILE_DEODORIZER,805,10437.22,12.487093167701865
CONDOM,757,10431.14,13.163989431968295
VEHICLE_INTERIOR_SHADE,574,10426.39,17.66067944250871
BLOOD_OXYGEN_MONITOR,416,10420.8,23.448173076923077
CONTACT_LENS_CLEANER,755,10406.81,13.165602649006624
ELECTROMECHANICAL_GAUGE,421,10387.67,23.707529691211402
ICE_CREAM_MAKER,112,10371.56,92.38044642857143
TOWEL_HOLDER,414,10361.88,21.51328502415459
BODY_STRAP,917,10353.73,10.937262813522354
SLOW_COOKER,377,10299.39,26.771724137931034
DRAIN_OPENER_SUBSTANCE,703,10255.84,13.993726884779516
PET_PLAYPEN,261,10244.14,38.106896551724134
PHYSICAL_SOFTWARE,168,10161.09,60.01244047619048
OUTERWEAR,318,10159.52,31.91672955974843
MOUNT_BRACKET,410,10123.46,20.978341463414637
SUIT,187,10114.41,54.087754010695186
PADDLEBOARD,36,10105.76,263.45250000000004
ICE_CUBE_TRAY,795,10072.65,12.194352201257862
GARMENT_STEAMER,288,10065.539999999999,34.610659722222216
POT_HOLDER,700,10048.24,13.820685714285714
ELECTRIC_MOTOR,219,10023.81,43.95826484018265
AMAZON_TABLET_ACCESSORY,498,10022.72,19.479397590361444
JUICER,247,9955.62,37.73255060728745
PRELOADED_ELECTRONIC_GAME,299,9938.86,32.87003344481605
BRASS_AND_WOODWIND_INSTRUMENTS,366,9920.22,26.513333333333332
ROLLING_PAPER,670,9903.32,14.499701492537312
FURNITURE_LINER,555,9864.68,14.496036036036037
DUTCH_OVENS,184,9830.01,53.315326086956524
DISHWASHER,56,9797.62,174.8219642857143
TAMPON,774,9762.039999999999,11.744651162790698
PET_DOOR,209,9754.85,45.60674641148325
FOOT_SCRAPER,867,9754.22,11.091395617070358
TOW_HITCH,156,9723.06,62.30769230769231
WIRELESS_AUDIO_ADAPTER,417,9706.66,22.968225419664268
CONDIMENT,1506,9686.51,5.918193891102257
SPORT_TABLE_GAME,120,9657.11,79.72633333333333
OVERALLS,257,9648.52,36.89280155642023
HEADPHONE_EARPAD,681,9557.39,13.819104258443465
SHOCK_ABSORBER,108,9545.41,79.57518518518519
FIREPLACE,73,9534.4,129.4717808219178
TARGET_TOSSING_GAME,217,9524.27,40.884516129032264
COLLAPSIBLE_PLAY_STRUCTURE,291,9521.72,32.189312714776634
MAGAZINES,689,9520.12,13.817300435413644
SCARF,633,9463.64,14.390442338072669
CHAINSAW,103,9446.16,91.59388349514563
CARD_STOCK,786,9422.78,10.790508905852418
WEIGHT_PLATE,115,9411.86,51.174608695652175
WAIST_CINCHER,431,9401.13,21.450719257540605
SPORT_EQUIPMENT_BAG_CASE,254,9390.12,35.807007874015746
SPLASH_POOL,208,9389.4,43.95990384615384
TRACK_SUIT,306,9330.75,30.49264705882353
FIRST_AID_KIT,416,9303.04,20.32235576923077
SCREWS,749,9253.05,11.573230974632844
PARTY_DECORATION_PACK,471,9233.44,19.24316348195329
VEHICLE_BRAKE_PAD,444,9202.41,19.950945945945943
COSTUME_MASK,525,9196.47,17.147657142857145
ANCHOR_STAKE,488,9183.46,17.729733606557378
UTILITY_JACK,196,9174.15,43.70367346938775
ANIMAL_FUR_CLEANER_CONDITIONER,711,9168.06,12.207285513361462
CAN_OPENER,607,9133.34,14.71321252059308
SNOW_BLOWER,53,9109.16,171.8709433962264
GOLF_CLUB,89,9092.45,101.71325842696629
SKIN_CLEANING_BRUSH,741,9071.12,12.051295546558705
HONEY,574,9070.08,14.282979094076655
DRILL_BITS,564,9069.02,15.785407801418438
AUDIO_MIDI_CONTROLLER,81,9038.74,111.58938271604939
SHEET_PAN,440,8945.4,19.178931818181816
MATERIAL_HANDLING_TRUCK,130,8936.52,60.677
CAKE,1193,8930.13,6.859061190276614
SURVEILLANCE_RECORDER_SYSTEM,44,8924.33,197.48704545454547
DAIRY_BASED_ICE_CREAM,1553,8918.960000000001,5.203425627817128
POWER_TOOL_SET,50,8901.59,178.0318
RAW_MATERIALS,265,8881.32,22.97690566037736
ELECTRIC_LANTERN,351,8877.98,22.774672364672366
PASTRY,1165,8845.38,7.009442060085837
BROOM,461,8825.84,18.954468546637745
FOUNTAIN,342,8803.05,25.60187134502924
POWER_INVERTER,161,8788.76,54.58857142857143
OUTBUILDING,41,8778.86,209.78073170731707
TARP,307,8771.41,24.85667752442997
SEALANT,546,8769.65,14.378260073260073
OPTICAL_DISC_DRIVE,280,8760.46,30.84825
SHAVING_AGENT,839,8710.15,9.73622169249106
CRAFT_WOOD,616,8695.14,12.539155844155845
WALL_PLATE,667,8694.19,8.6019940029985
CULINARY_SALT,915,8650.44,9.114601092896175
CELL_PHONE_HOLSTER,523,8631.18,16.11609942638623
VOICE_RECORDER,119,8620.9,70.99588235294118
THREAD_CORD,820,8595.13,9.75259756097561
INCENSE,766,8585.2,11.08262402088773
GUILD_JEWELRY,344,8578.8,24.31052325581395
MOP,349,8575.49,23.97991404011461
CAMERA_STAGE_LIGHTING_MODIFIER,214,8575.36,40.04985981308411
GAMES,279,8527.41,29.895268817204304
LAB_CHEMICAL,502,8522.64,14.98296812749004
PLAY_WORKSTATION,151,8518.26,56.4123178807947
COMPUTER_ADD_ON,465,8461.26,17.350193548387097
FURNITURE_FLOOR_PROTECTOR,698,8448.52,11.326704871060171
SAW_BLADE,401,8439.539999999999,20.24852867830424
MICROPHONE_STAND,333,8436.03,23.915795795795795
GAME_DICE,595,8434.48,14.036
POWER_CONVERTER,532,8424.6,15.033383458646616
WATER_HEATER,60,8416.31,140.27183333333332
PAPER_TOWEL_HOLDER,460,8393.8,17.25613043478261
SANDER,167,8384.08,49.70952095808383
TEMPORARY_TATTOO,624,8285.86,13.04352564102564
MUSICAL_INSTRUMENT_STRING,620,8277.97,12.381629032258063
NECKTIE,569,8269.21,13.024920913884008
PUNCHING_BAG,142,8261.42,52.94781690140845
UNDERWEAR,472,8221.53,16.950169491525422
MUSICAL_INSTRUMENT_TOY,315,8218.34,25.00247619047619
AIR_GUN,118,8199.73,68.67813559322033
HEADBOARD,103,8186.48,75.75660194174758
PACIFIER,843,8185.5,9.402716488730723
EXERCISE_MACHINE,84,8164.570000000001,97.19726190476192
MOUTH_GUARD,456,8158.49,17.231008771929826
PASTA_MAKER,197,8097.19,41.03654822335025
ELECTRONIC_WIRE,315,8035.62,25.14349206349206
ROTARY_TOOL,174,8032.99,45.96672413793103
DRINK_COASTER,608,7999.07,12.765279605263158
WALKING_STICK,297,7996.87,25.838451178451177
HARDWARE_HINGE,308,7975.18,21.696883116883118
VEHICLE_SAFETY_CAMERA,105,7965.71,75.664
TEETHER,827,7963.65,9.512055622732769
POPCORN_POPPER,297,7956.2699999999995,26.508181818181818
TILE,184,7928.7,24.170108695652175
SYSTEM_CABINET,84,7928.08,92.39428571428572
SKIN_PROTECTANT,663,7921.02,11.042141779788839
LICENSE_PLATE_ATTACHMENT,485,7915.07,15.604103092783504
TOILET_PAPER_HOLDER,434,7900.16,16.658341013824884
PORTABLE_TOOL_BOX,272,7899.16,28.107867647058825
SHOELACE,892,7859.51,8.348195067264575
BATH_SAFETY_SEATING,140,7855.39,56.109928571428576
SPOON,682,7851.0,11.05225806451613
KNEE_PAD,365,7850.53,21.157452054794522
MINIATURE_TOY_BUILDING,150,7847.23,52.31486666666667
BATHING_SPONGE,785,7751.0,9.61872611464968
DAIRY_BASED_YOGURT,1899,7744.12,2.8261716692996313
PLIERS,440,7735.0199999999995,16.85531818181818
GRILL_SMOKER_COVER,269,7708.37,28.551635687732343
MUSCLE_ROLLER,333,7705.4,22.803693693693695
BADGE_HOLDER,744,7670.64,9.497620967741936
NAIL_CLIPPER,775,7659.43,9.61007741935484
JEWELRY_FINDING,847,7657.06,8.43517119244392
AV_SIGNAL_SWITCH,297,7648.96,24.597609427609427
RAMP,90,7642.89,83.82122222222222
JAR,406,7639.13,17.204926108374384
CANDLE_HOLDER,302,7570.91,20.778774834437083
WEIGHT_RACK,109,7570.69,63.66137614678899
DAIRY_BASED_CREAM,1184,7570.22,5.814054054054054
FOOD_PREPARATION_MOLD,668,7549.06,11.08631736526946
BASSINET,70,7533.41,107.62014285714285
SEASONING_MILL,348,7519.66,20.716206896551725
UTILITY_HOLSTER_POUCH,420,7503.89,15.927904761904763
PRECISION_MEASURING,154,7503.07,42.10467532467533
HARD_DRIVE_ENCLOSURE,378,7487.15,19.28333333333333
BAKING_CHOCOLATE,597,7486.43,11.675427135678392
DECORATIVE_RIBBON_TRIM,632,7456.22,10.41115506329114
SURVEILANCE_SYSTEMS,131,7453.5599999999995,52.193511450381685
PORTABLE_STOVE,194,7414.72,37.24628865979381
SOUS_VIDE_MACHINE,95,7400.93,76.02042105263158
BOTTLE_OPENER,480,7394.66,14.873708333333333
SPORT_RACKET,188,7388.07,36.800797872340425
BED_RAIL,146,7374.91,47.83027397260274
PROJECTION_SCREEN,110,7371.7,66.47009090909091
CONTROLLER,132,7371.28,53.469469696969696
TOILET,108,7360.58,67.77657407407408
BED,37,7340.87,198.4018918918919
MICROSCOPES,203,7337.76,35.744926108374386
CANNED_AIR,360,7317.93,20.246972222222222
SKIN_BLEMISH_REMOVAL_TOOL,450,7315.58,16.139200000000002
CRIB,65,7305.62,111.9943076923077
DYE,578,7299.95,12.140882352941176
POOL_COVER,143,7291.43,50.72090909090909
SOLID_FIRE_FUEL,366,7288.86,18.71275956284153
CANDY,503,7279.17,13.832842942345925
HAND_SANITIZER,370,7263.2,17.779756756756758
FOOD_DEHYDRATOR,132,7242.05,54.1775
MENSTRUAL_CUP,322,7235.7,22.261521739130433
BICYCLE_LIGHT,354,7228.73,19.28779661016949
CE_ACCESSORY,425,7220.26,16.28494117647059
NAIL_TREATMENT,564,7217.95,12.447978723404255
SELF_STICK_NOTE,704,7217.0,9.33796875
AIR_COOLER,109,7215.07,64.68899082568808
SODA_MAKER,79,7196.65,89.26291139240506
HEAT_PRESS,74,7196.38,97.24837837837838
DUST_REMOVAL_TOOL,493,7127.93,13.72525354969574
BAKING_PAPER,697,7073.56,9.856571018651362
BEVERAGE,321,7062.51,20.15576323987539
VACUUM_CLEANER_BAG,432,7043.0599999999995,15.641875
UTILITY_KNIFE,637,7020.68,10.555886970172685
RUBBER_STAMP,503,7014.74,13.40192842942346
CABLE_TIE,785,7003.12,8.409515923566879
KAYAK,52,6997.26,128.21692307692308
MECHANICAL_BELT,427,6968.84,15.692435597189696
SUGAR,673,6925.18,8.958395245170877
MILK_FROTHER,463,6904.28,14.753758099352051
COSMETIC_POWDER,683,6885.63,9.436676427525622
PET_PLACEMAT,436,6798.01,14.672385321100917
SPORT_NET,99,6770.86,57.525151515151514
SKATEBOARD,153,6743.77,43.88091503267974
CUP_HOLDER,410,6727.23,15.579048780487804
BICYCLE_SEAT,223,6726.87,29.538161434977578
GUN_HOLSTER,253,6695.85,25.579723320158102
METAL_DETECTOR,92,6695.33,70.56467391304348
DIETARY_SUPPLEMENTS,249,6682.46,24.86413654618474
BLOWER_INFLATED_DECORATION,174,6664.82,37.873390804597705
TECHNICAL_SPORT_SHOE,123,6658.29,54.132439024390244
STORAGE_COVER,252,6657.26,25.375436507936506
CABLE_OR_ADAPTER,421,6625.12,12.915011876484561
BALANCE_BOARD,180,6598.15,36.06038888888889
SHELLFISH,500,6592.1,12.19886
FOOD_WRAP,559,6553.55,10.824937388193202
COUNTERTOP_BURNER,150,6551.46,43.14313333333334
IRRIGATION_SPRINKLER,256,6544.16,21.559648437499998
DRY_SHAMPOO,507,6542.99,12.550907297830376
PHONE_ACCESSORY,370,6516.43,17.10127027027027
MAGNIFIER,377,6515.29,17.04238726790451
BAKING_MAT,462,6498.6,13.67203463203463
RICE_MIX,768,6496.77,7.426705729166667
MOP_BUCKET_SET,170,6472.08,37.74782352941177
VEST,268,6467.15,22.053544776119406
SHOVEL_SPADE,317,6461.0599999999995,20.012176656151418
CALISTHENICS_STAND,86,6441.55,71.41372093023256
GAMING_EQUIPMENT_ENCLOSURE,343,6425.2,18.4665889212828
CONCENTRATED_FLAVORING_SUBSTANCE,532,6406.61,11.67048872180451
ORCA_SHIRT,336,6393.71,18.89779761904762
INTEGRATED_STEREO_SYSTEM,86,6381.43,74.20267441860466
HOME_LIGHTING_AND_LAMPS,297,6348.55,19.581414141414143
DEEP_FRYER,115,6347.29,55.19382608695652
MAKE_UP,397,6335.03,15.87403022670025
WHEELCHAIR,32,6320.64,197.52
BAR_CODE_READER,62,6310.92,79.03387096774195
JANITORIAL_SUPPLY,163,6271.11,31.616196319018403
BAR_TOOL_SET,233,6269.95,26.54098712446352
DISPLAY_ENCLOSURE,196,6262.36,30.06423469387755
SPORT_TARGET,169,6255.23,35.98863905325444
CRAFT_MOLD,443,6253.48,13.992889390519188
OIL_FILTER,478,6247.79,12.178995815899583
CASSEROLES,246,6243.0599999999995,23.71829268292683
WEATHER_STRIPPING,430,6208.39,13.53513953488372
PLACEMAT,368,6194.92,15.859402173913043
COMPUTER,460,6192.65,13.351108695652174
ELECTRONIC_DEVICE_COOLING_PAD,236,6185.36,25.78677966101695
SYRINGE,481,6128.16,12.49004158004158
SWEATBAND,521,6121.14,11.38856046065259
WHEEL,176,6112.84,28.468352272727273
KETTLEBELL,136,6098.05,42.38757352941177
CAMERA_LENS_FILTERS,259,6088.14,22.954092664092663
FENCE_PANEL,89,6072.07,57.695842696629214
ART_EASEL,164,6059.3,36.03292682926829
SMALL_HOME_APPLIANCES,184,6044.1,32.528097826086956
COOKIE_CUTTER,618,6038.68,9.6547572815534
DRAIN_STRAINER,528,6037.86,10.628011363636364
ANIMAL_VITAMIN,306,6018.099999999999,19.218823529411765
RANGEFINDER,67,6007.4,88.70805970149253
ELECTRONIC_COMPONENT_AMPLIFIER,93,6004.96,60.953978494623655
MEDICAL_COMPRESSION_GARMENT,284,5998.2699999999995,19.356514084507044
WIND_CHIME,261,5991.79,22.2644061302682
ANIMAL_STAIR,133,5987.85,43.822105263157894
WEARABLE_WEIGHT,219,5967.98,26.84945205479452
MAKEUP_PRIMER,603,5921.05,9.599751243781094
POWERSPORTS_VEHICLE_PART,181,5909.47,31.094419889502763
CURTAIN_FASTENER,557,5908.06,9.464380610412926
FISHING_HOOK,504,5873.39,10.896111111111113
FABRIC_APPLIQUE_PATCH,595,5861.4800000000005,8.787193277310925
GARDEN_SHEAR_SCISSORS,324,5848.69,17.765185185185185
TEMPLATE_STENCIL,453,5826.21,12.579735099337748
HYDRATION_PACK,149,5826.14,36.314362416107386
BATHTUB_SHOWER_MAT,348,5806.7,16.240862068965516
TWEEZER,649,5796.62,8.593898305084746
UNDERGARMENT_THIGH_SLIMMER,222,5784.7699999999995,25.3468018018018
WINDING_REEL,102,5779.53,50.41803921568628
COMPUTER_INPUT_DEVICE_ACCESSORY,84,5756.389999999999,64.59547619047619
REINFORCED_ART_SURFACE,294,5741.19,18.892312925170067
BREAD_MAKING_MACHINE,61,5713.85,93.66967213114755
BABY_JUMPER_WALKER,109,5683.98,51.825596330275225
WREATH,188,5661.25,28.461648936170214
TOY_SLIME,407,5650.05,13.335601965601965
APPAREL_PIN,500,5645.62,10.675379999999999
VEHICLE_CARGO_CARRIER,60,5639.09,93.98483333333334
STRENGTH_TRAINING_MACHINE,38,5638.28,148.3757894736842
CAKE_TOPPER,546,5638.2300000000005,9.898699633699634
SQUEEZE_TOY,411,5637.4,13.118394160583941
BATHTUB,55,5624.95,102.27181818181818
FOOD_BIB,378,5623.08,14.492116402116402
CYCLING_TIRE,130,5622.85,34.48253846153846
BATH_TOY,470,5613.87,11.795808510638297
FOOTREST,205,5613.65,26.994243902439024
PET_HEALTH_CARE,300,5599.75,18.09476666666667
MEMORY_CARD_READER,399,5592.05,13.343884711779449
FISHING_EQUIPMENT,171,5573.5599999999995,30.723918128654972
FURNITURE_LEG,179,5568.93,26.29027932960894
PLAY_SLIDE,47,5540.34,117.87957446808511
WEATHER_STATION,127,5538.7,42.748503937007875
HOBBIES,257,5532.03,20.99509727626459
INSULATION,152,5516.84,30.45453947368421
TEXTILE_IRON,170,5512.18,32.42458823529412
ABRASIVES,382,5499.7,13.926832460732985
ELECTRONIC_COMPONENT_TERMINAL,326,5489.96,14.480920245398773
LIQUID_INK,346,5476.49,15.476242774566474
WATER_DISPENSER,112,5462.93,48.660178571428574
HAIR_ROLLER,372,5449.85,14.095887096774193
UTILITY_MAGNET,332,5440.13,15.51813253012048
BRA_UNDERWEAR_SET,319,5437.0,17.043887147335422
CORD_ROPE,318,5429.36,15.209056603773584
FLAT_SHEET,174,5427.49,16.50712643678161
ROOM_DIVIDER,53,5426.56,95.25547169811321
ELECTRICAL_PLUG,254,5405.179999999999,19.140590551181102
BASKETBALL_HOOP,96,5383.33,55.888958333333335
WEAPON_CASE,145,5374.53,36.50227586206896
PROJECTILE_BOW,96,5352.44,55.26572916666667
INDUSTRIAL_CASTERS,221,5318.81,21.49067873303167
AMAZON_BOOK_READER_ACCESSORY,208,5265.98,25.182980769230767
NAIL_DRILL,211,5258.99,24.725165876777254
INSTALLATION_SERVICES,76,5257.42,69.17657894736843
BALL_LAUNCHER,4,5253.48,1313.37
HOLE_PUNCH,393,5251.33,13.306666666666665
HAIR_CARE_AGENT,281,5242.13,18.009039145907472
STAPLER,304,5217.32,16.874901315789476
BEER,368,5213.84,11.808478260869563
JUMP_ROPE,366,5206.43,14.038360655737705
BASE_LAYER_APPAREL_SET,206,5205.099999999999,24.268883495145626
PINBOARD,270,5198.2699999999995,18.02
SELF_DEFENSE_SPRAY,367,5196.49,12.840272479564034
EYEGLASS_FRAME,186,5193.96,27.817096774193548
BOXING_GLOVE,164,5175.28,31.495670731707317
COOKWARE,181,5155.11,27.1514364640884
BUBBLE_MAKER,305,5154.599999999999,15.807245901639345
DOORSTOP,409,5154.17,11.48845965770171
PARTY_FAVOR,306,5149.46,15.502450980392156
SOCKSHOSIERY,376,5148.63,13.085531914893616
PENCIL_SHARPENER,515,5137.27,9.744504854368932
BLOWTORCH,223,5117.9,22.86506726457399
HOT_TUB,14,5110.78,363.4135714285714
BED_SKIRT,297,5101.22,16.80309764309764
PICTURE_HANGER,450,5097.65,10.418066666666666
ABDOMINAL_EXERCISER,178,5094.73,28.453595505617976
PARTY_SUPPLIES,321,5053.5199999999995,13.7598753894081
SALAD_DRESSING,942,5051.65,4.91416135881104
SQUEEGEE,321,5042.44,14.014423676012461
TAPE_LABEL_DISPENSER,435,5041.66,11.306459770114943
CAMERA,94,5007.2300000000005,52.78978723404255
FORK,368,4986.53,12.879429347826088
FOOD_SERVICE_SUPPLY,217,4975.1,22.05990783410138
HARDWARE_BEARING,182,4970.7,25.4010989010989
COTTON_PAD,643,4966.78,7.388413685847589
HANDRAIL,130,4964.15,31.85284615384615
FACE_SHAPING_MAKEUP,525,4960.37,9.377409523809524
PULL_UP_BAR,137,4957.32,36.184817518248174
SOIL_TILLER_CULTIVATOR,53,4955.31,93.49641509433962
RECIPROCATING_HEDGE_TRIMMER,68,4951.17,70.95867647058823
IGNITION_COIL,123,4942.09,38.249430894308944
ELECTRICAL_OUTLET,220,4941.84,17.061045454545454
DAIRY_BASED_BUTTER,743,4918.7300000000005,5.592799461641992
LAMINATOR,212,4896.78,22.4525
RULER,412,4853.28,11.443495145631069
BRAKE_ROTOR,95,4846.9,33.339684210526315
TOOTHBRUSH_HOLDER,420,4842.22,10.958714285714285
ANIMAL_RECOVERY_COLLAR_CONE,300,4838.98,15.989366666666665
SNORKELING_SET,145,4831.25,31.243379310344828
VEHICLE_BAG,164,4829.28,28.900243902439026
MAKEUP_VANITY,33,4823.6900000000005,146.17242424242426
GASKETS,281,4819.23,16.75316725978648
BEVERAGE_INSULATOR,270,4817.67,17.13685185185185
VINEGAR,489,4814.49,9.177934560327198
DRYER,46,4810.82,104.58304347826086
GLUCOSE_METER,175,4809.95,26.822685714285715
HAIR_TRIMMING_KIT,162,4797.82,29.379753086419754
VASE,229,4795.2699999999995,20.059868995633188
STEERING_WHEEL_COVER,291,4788.36,16.437697594501717
ALARM,182,4778.3099999999995,24.03956043956044
SPORT_BAT,99,4773.78,47.39585858585858
SIM_CARD,316,4766.28,13.41363924050633
CORSET,188,4757.95,25.308244680851065
SURFACE_PROTECTION_WAX,285,4757.68,16.38238596491228
BUCKET,250,4757.34,18.2102
VEHICLE_ACCENT_LIGHT,153,4753.54,30.10470588235294
FISHING_REEL,99,4738.35,46.17272727272728
PIZZA,717,4737.08,5.427517433751744
TAPE_MEASURE,539,4712.72,8.353933209647495
ANIMAL_PERCH,226,4689.23,19.27769911504425
FOOD_GRATER,315,4675.86,14.774349206349207
WIRE,321,4655.81,12.13588785046729
FLASH_CARD,315,4642.82,14.682412698412698
GUN_CLEANING_KIT,227,4571.8,19.12854625550661
BREAST_PETAL,327,4562.64,13.708654434250763
SPARK_PLUG,257,4561.99,14.416264591439688
HAND_STRENGTHENER,299,4544.18,14.945384615384615
PAPER_CLIP_CLAMP,496,4532.28,8.601431451612903
SECURITY_ELECTRONICS,161,4525.68,25.424906832298134
DRAFT_STOPPER,279,4519.23,14.59
SPORT_MITT,148,4519.18,30.423513513513516
UNDERGARMENT_SLIP,254,4518.39,17.37515748031496
CABLE_ASSEMBLY,175,4504.68,25.09651428571429
POWER_SUPPLIES_OR_PROTECTION,164,4500.87,26.354634146341464
FACE_SHIELD,222,4489.2300000000005,17.063333333333333
VEHICLE_CONTROL_ARM,47,4486.07,94.70148936170213
FITNESS_STEPPER,57,4463.97,78.31526315789475
KARAOKE_MACHINE,61,4459.15,73.10081967213114
NAIL_FILE,560,4457.57,7.7645357142857145
WORKBENCH,34,4456.3099999999995,128.21529411764706
WRIST_REST,273,4450.03,16.252893772893774
EGG,1038,4442.58,3.828275529865125
SHARP_PIN,609,4437.42,7.038620689655173
INFLATABLE_BOUNCER,23,4421.280000000001,192.22956521739133
GRIDDLE_PLATE,116,4417.67,36.903534482758616
BICYCLE_PEDAL,147,4400.51,29.420272108843534
INPUT_OUTPUT_CARD,154,4388.96,27.463116883116882
SURVIVAL_KIT,167,4376.67,24.99574850299401
GREENHOUSE,57,4369.84,72.72842105263159
BLANK_STORAGE_MEDIA,220,4342.55,18.78781818181818
TONG_UTENSIL,365,4328.46,11.582109589041096
LIGHTED_OUTDOOR_DISPLAY,134,4319.6,29.682761194029847
PORTABLE_VIDEO_DISC_PLAYER,42,4267.37,96.12833333333333
TEACHING_EQUIPMENT,164,4250.05,24.808170731707317
BOOK_DOCUMENT_STAND,226,4249.69,17.313761061946902
GARLAND,244,4241.16,14.569426229508197
KNITTING_NEEDLE,280,4236.29,14.766000000000002
VEHICLE_BUMPER,67,4232.11,61.46910447761194
PERSONAL_FLOTATION_DEVICE,121,4223.32,32.605206611570246
NASAL_ASPIRATOR,204,4203.65,20.591470588235293
CRIMPING_PLIERS,140,4197.12,29.801214285714288
GLITTER,411,4192.1,10.05
PLUG_STOPPER,454,4183.6,8.833171806167401
BODY_PAINT,282,4181.09,14.405531914893617
SOLDERING_IRON,189,4169.14,21.953174603174602
BISS,214,4160.14,18.357242990654203
PICKLE,483,4156.9,7.508861283643893
ELECTRONIC_SIGNAL_CONVERTER,103,4147.41,40.19077669902912
CARBURETOR,200,4141.16,20.40425
ERASER,518,4110.74,7.405212355212355
COUNTERTOP_FOOD_STEAMER,199,4109.37,20.514924623115576
FUNNEL,393,4103.46,10.394834605597964
MANUAL_FOOD_MILL_GRINDER,114,4101.23,35.97570175438596
CAMERA_FLASH,38,4097.07,104.00263157894737
VEHICLE_WIND_DEFLECTOR,115,4092.38,35.50973913043478
FOOD_SCOOP,340,4081.85,11.828029411764707
MAILBOX,92,4068.34,43.400978260869564
WATER_PLAY_SPRINKLER,186,4064.86,21.18258064516129
AUDIO_MIXING_CONSOLE,43,4049.3,91.86744186046512
FOOD_OR_BEVERAGE_WARMER,183,4027.62,20.796830601092896
SPORT_GOAL,79,4027.31,44.94759493670886
BOTTLE_NIPPLE,394,4013.11,8.898959390862945
TEAPOT,159,4009.07,24.69924528301887
COMPUTER_COOLING_DEVICE,200,4008.34,19.4378
ROTATING_TRAY,182,3994.5499999999997,19.6728021978022
CYCLING_TIRE_TUBE,278,3990.23,12.997014388489209
DISPOSABLE_NAPKIN,314,3989.86,11.041783439490446
TREE_SKIRT,193,3984.67,19.964922279792745
INDOOR_GROW_ENCLOSURE,42,3976.65,92.77761904761904
DESK_PAD,237,3969.46,16.044514767932487
AWNING,39,3968.17,98.98358974358975
JEWELRY,292,3963.11,12.65041095890411
SUSPENDER,289,3962.93,13.135397923875432
WRITING_PAPER,343,3961.21,10.741690962099126
SEXUAL_WELLNESS,125,3952.89,31.62312
NUTS,254,3947.58,14.599291338582676
MAPS,213,3946.13,16.87732394366197
AUDIO_OR_VIDEO,84,3931.28,46.34392857142857
AXE,106,3914.37,35.50575471698113
MONEY_BANK,218,3912.2999999999997,17.808853211009176
SEEDS_AND_PLANTS,161,3908.2799999999997,21.372298136645963
SWORD,93,3888.19,40.49666666666667
PIPING_TIP,306,3882.68,12.45781045751634
CUTTING_TOOLS,177,3881.92,21.29316384180791
ELECTRONIC_LEARNING_TOY,221,3873.14,17.457782805429865
NETTING_COVER,215,3870.88,16.54241860465116
JEWELRY_SET,209,3861.17,18.206602870813395
WHISK_UTENSIL,314,3856.94,12.122707006369428
BOTTLE_RACK,128,3855.88,29.093203125
TABLE_RUNNER,230,3855.71,13.607173913043479
COSMETIC_SPONGE,488,3852.4300000000003,7.742274590163935
MUFFLER,63,3845.26,60.23777777777778
PHYSICAL_GIFT_CARD,78,3840.0,39.1025641025641
CLIMBING_PLANT_SUPPORT_STRUCTURE,108,3839.88,33.67055555555556
DUVET_COVER,86,3834.81,38.70941860465116
TEA_INFUSER,385,3827.72,9.79787012987013
REUSABLE_INCONTINENCE_SURFACE_PROTECTOR,132,3825.6,25.49356060606061
BOOKEND,186,3793.24,18.81827956989247
EXERCISE_BLOCK,181,3783.37,20.228729281767958
ACCESSORY_OR_PART_OR_SUPPLY,203,3781.91,18.193300492610835
SHADE_SAIL,107,3777.56,33.39018691588785
LAMPSHADE,136,3755.73,23.453676470588235
HEARING_AMPLIFIER,55,3722.29,66.44363636363637
CAR_ELECTRONICS,120,3705.69,29.834833333333332
PAPER_PRODUCT,244,3702.33,12.860737704918034
FOOD_SHAKER,273,3692.98,12.55018315018315
FISHING_ROD_REEL_COMBO,78,3684.57,43.64217948717949
SPEAKER_AMPLIFIER_STAND,96,3674.64,36.4565625
BICYCLE_TRAINER,41,3667.89,89.46073170731707
LEVEL,126,3649.7,28.656349206349205
FREEZER,15,3639.87,242.658
ELECTRONIC_DEVICE_SKIN,368,3618.37,9.791983695652174
ELECTRONIC_COMPONENT,180,3614.14,19.531166666666667
PA_SYSTEM,35,3611.5899999999997,103.18828571428571
SAFETY_MASK_REPLACEMENT_FILTER,208,3598.37,16.05826923076923
HOOK_LOOP_FASTENER,391,3597.28,8.47613810741688
LIGHT_BOX,144,3595.44,23.77298611111111
MOTOR_STARTER,62,3577.34,57.69903225806452
SUSPENSION_LIFT_SUPPORT,127,3566.74,25.638110236220474
SHOE_TREE,148,3561.37,23.52635135135135
FUEL_PUMP,104,3550.92,32.87740384615385
BARBECUE_TOOL_SET,122,3528.22,28.436393442622954
NAIL_POLISH_REMOVER,437,3525.01,7.949816933638444
KNIFE_BLOCK,151,3521.64,23.097350993377482
EPILATOR,90,3503.09,38.92322222222222
CHOPSTICK,362,3487.12,9.444226519337017
CAMERA_CLEANER,299,3482.47,11.399163879598662
BATH_PILLOW,141,3476.19,23.98794326241135
SOLDERING_STATION,76,3469.56,45.132763157894736
BLADED_FOOD_PEELER,303,3446.67,11.10924092409241
WEIGHTLIFTING_BELT,99,3436.76,33.557272727272725
SPORT_WETSUIT,54,3424.86,63.42333333333334
FITNESS_HOOP,122,3420.31,27.904262295081967
AUDIO_CD_PLAYER,34,3410.93,100.32147058823529
ANIMAL_MEDICATION,134,3396.07,21.674776119402985
STOVETOP_KETTLE,132,3385.41,25.647045454545452
ENGINE_WATER_PUMP,65,3374.35,51.27107692307692
CHANGING_PAD,147,3357.79,22.1078231292517
DIGITAL_DEVICE_4_ACCESSORY,177,3348.87,17.960112994350283
MOTOR_ENGINE_FUEL_TANK,64,3331.9900000000002,51.28125
PAW_HOOF_PROTECTOR,187,3317.62,17.196042780748662
SOAP_DISH,356,3305.66,9.014241573033708
LIQUID_FUEL_CONTAINER,89,3290.2599999999998,36.25955056179775
SAFETY_SUPPLY,152,3285.75,20.222697368421052
COOKING_CONTAINER,188,3280.6,16.92409574468085
ABRASIVE_SHEETS,341,3279.34,9.305102639296187
NAIL_POWDER,172,3272.73,18.91767441860465
ABRASIVE_WHEELS,202,3271.69,15.70470297029703
SHOE_ACCESSORY,248,3270.37,12.99741935483871
GARLIC_PRESS,223,3263.4,14.417085201793721
CROCHET_HOOK,311,3262.94,10.383569131832797
FIRE_SCREEN,38,3246.85,85.24631578947368
EXERCISE_STEP_PLATFORM,75,3240.97,38.861200000000004
WHEEL_CUTTER,273,3223.54,11.661025641025642
ROLLING_PIN,243,3223.01,13.094979423868313
AIR_GUN_PROJECTILE,211,3220.79,13.671563981042652
CIRCUIT_BREAKER,67,3204.62,34.33910447761194
PILLOW_PROTECTOR,166,3188.5,17.678313253012046
MATERIAL_HANDLING,103,3181.9,28.8904854368932
BAKING_STONE,79,3179.92,40.252151898734176
BICYCLE_TRAILER,35,3160.56,90.30171428571428
INCENSE_HOLDER,215,3157.02,14.445906976744185
BINDER_DIVIDER,316,3145.23,7.918386075949368
PUPPET,204,3144.67,14.775049019607843
ABIS_WIRELESS,14,3142.21,222.35642857142855
SELF_BALANCING_ELECTRIC_VEHICLE,23,3123.4700000000003,135.8030434782609
HARDWARE_STAPLE,317,3117.21,8.507066246056782
GOLF_CLUB_BAG,36,3090.08,85.83555555555556
TUNER,50,3087.79,58.1408
WIRELESS_DEVICE,10,3083.92,308.392
CHEMICAL_TEST_STRIP,223,3072.66,13.778744394618833
MINIATURE_TOY_FURNISHING,158,3065.86,19.096962025316458
FOOTWEAR_CARE_KIT,156,3062.25,19.418333333333333
VEHICLE_WRAP,107,3040.42,26.948878504672898
CAULKS,303,3036.2400000000002,8.826798679867986
AUTOMOTIVE_HELMET,38,3020.12,79.47684210526316
BOOKMARK,322,3015.96,9.156273291925466
OFFICE_ELECTRONICS,105,3014.33,26.695809523809523
STETHOSCOPE,68,3014.2,44.167058823529416
ENGINE_COMPONENT_CAP,214,3006.14,13.966448598130842
VENT_HOOD,36,3004.18,82.73
SEWING_TOOL_SET,217,2996.39,13.707096774193548
WATERING_CAN,200,2982.46,14.9123
HARDWARE_PLANER,36,2972.5,82.56944444444444
EXERCISE_STRAP,153,2958.65,18.95562091503268
PEN_MARKER_INK_CARTRIDGE_REFILL,317,2944.04,8.781293375394322
CARABINER,263,2937.58,9.655475285171102
HAMMER_MALLET,176,2935.83,16.39
FACIAL_STEAMER,81,2926.85,35.67160493827161
HUMIDITY_METER,207,2915.46,13.538260869565217
SLEEPING_MAT,49,2909.77,59.38306122448979
IRON_ON_TRANSFER_DESIGN,174,2901.48,14.483620689655172
BAKING_CUP,347,2884.4900000000002,8.149654178674352
MECHANICAL_FASTENERS,211,2870.3,12.916445497630331
KEYCAP,242,2869.26,11.732603305785124
HOUSEHOLD_STAIN,119,2867.64,21.719831932773108
LUGGAGE,127,2865.93,22.166220472440944
RAKE,98,2852.62,28.914591836734694
EYEGLASS_CASE,254,2830.28,10.997204724409448
SHOWER_CAP,317,2827.84,8.766277602523658
FURNITURE_EDGE_BUMPER,208,2821.89,12.659759615384615
HUBCAP_WHEEL_COVER,77,2805.63,33.54168831168831
ARM_SLEEVE,219,2805.28,12.558401826484019
TASK_TRAY,230,2800.04,11.745608695652173
ROASTING_PAN,107,2796.8,25.950467289719626
WINE,218,2791.69,9.940504587155964
URN,57,2791.28,47.848596491228065
TREE_TOPPER,145,2789.99,19.108
VEHICLE_RAIL,20,2788.08,139.404
MOISTURIZING_SOCK_GLOVE,214,2786.38,12.653177570093458
MARBLE_TRACK,91,2785.67,30.611758241758242
FISHING_LINE,200,2783.71,13.0615
FUSE,251,2783.48,9.65219123505976
MOTION_DETECTOR_DEVICE,81,2771.84,29.69185185185185
RECEIVER_OR_AMPLIFIER,22,2768.84,124.49499999999999
BOTTLE_STOPPER,217,2753.71,12.427511520737328
TOY_MODEL_VEHICLE_TRACK,123,2746.42,20.9230081300813
NICOTINE_REPLACEMENT,65,2742.86,40.26846153846154
DARTBOARD,87,2742.68,31.410229885057472
ENEMA_DOUCHE,168,2724.24,15.723511904761907
COCKTAIL_SHAKER,183,2713.97,14.628688524590165
MORTAR_AND_PESTLE_SET,126,2706.1,21.23111111111111
FISHING_ROD,49,2690.31,54.34244897959184
CLIPBOARD,172,2687.53,13.841569767441861
CISTERN,59,2676.01,42.42627118644068
FOOD_GLITTER_SPRINKLE,265,2674.32,9.611622641509435
TRACTION_CLEAT,107,2667.37,24.209532710280374
IRONING_BOARD,113,2630.33,23.053982300884954
GARDEN_EDGING,47,2622.6,35.473617021276596
VIDEO_DVD,96,2612.99,27.21864583333333
PLECTRUM,334,2609.32,7.371107784431137
DRAWER_SLIDE,77,2607.64,28.746363636363633
BUTTER_DISH,171,2596.61,14.968888888888888
VEHICLE_LIFT_KIT,16,2595.19,162.199375
RELAY,118,2587.43,21.118559322033896
LOCATION_TRACKER,40,2586.4700000000003,42.70175
MASSAGE_STICK,138,2583.78,18.491376811594204
AUTO_KEY_SHELL,201,2579.46,12.231243781094527
PORTABLE_ELECTRONIC_DEVICE_ARMBAND,210,2578.43,12.038619047619049
HOT_GLUE_GUN,158,2551.2799999999997,16.147341772151897
POLISHING_BUFFING_TOOL,22,2547.04,115.77454545454545
LIGHT_SOURCE,106,2543.27,16.922641509433962
COSTUME_EYEWEAR,183,2538.4,12.903879781420764
Grocery,484,2536.65,4.079400826446281
BED_SLATS,32,2529.7,75.91625
FUEL_FILTER,94,2529.34,23.868936170212763
VEHICLE_BODY_PANEL,46,2528.53,52.99130434782609
ASHTRAY,165,2523.17,14.483757575757577
ANIMAL_MUZZLE,169,2521.8,14.606804733727811
FRESH_CUT_FLOWERS_PLANTS,99,2507.09,25.117272727272727
COOKING_OVEN,18,2506.59,139.255
HIP_FLASK,148,2505.76,15.200878378378379
MISC_OTHER,125,2499.19,18.54904
DISC_GRINDER_TOOL,44,2477.18,56.29954545454545
SAFETY_HARNESS,62,2471.22,39.60048387096774
GLOBE,61,2461.11,38.85540983606557
SEWING_BUTTON,227,2452.54,10.098898678414097
EYELASH_CURLER,202,2449.96,12.128514851485148
CHANGING_PAD_COVER,147,2421.91,15.937619047619046
HOME_ORGANIZERS_AND_STORAGE,102,2394.17,22.611176470588237
GARDEN_TOOL_SET,107,2389.15,22.039158878504672
SOUND_CARD,110,2388.01,21.509454545454545
TEMPORARY_HANGER_HOOK,160,2368.1,13.3116875
CRAFT_HOOP_FRAME,125,2357.5,17.90064
BAKEWARE_SET,81,2355.08,29.07506172839506
SONAR_FATHOMETER,21,2351.82,111.99142857142859
WASHERS,189,2339.16,12.038148148148148
CRAFT_WRAPPING_TISSUE_PAPER,233,2327.49,9.52969957081545
SAFETY_MASK_STRAP_EXTENDER,245,2297.28,8.74395918367347
AV_FURNITURE,82,2291.29,26.584146341463416
TIRES,12,2278.7,151.9275
CLOTHES_PIN,256,2277.45,8.481796875
BUNGEE_CORD,178,2271.87,12.149269662921348
DOLL_CLOTHING,140,2267.52,16.196571428571428
DOOR_CLOSER,71,2234.27,29.011408450704224
BATHROOM_CONTAINER_SET,80,2228.45,26.89375
GARMENT_PROTECTOR_COVER,112,2220.94,18.226160714285715
BED_CURTAIN,60,2219.65,36.62833333333333
VIDEO_GAME_PERIPHERAL_SET,100,2193.72,21.1978
MOUNTED_STORAGE_SYSTEM_KIT,37,2181.22,53.0954054054054
SLED,61,2180.87,30.436885245901642
BOLTS,151,2180.6,12.924834437086094
WIRE_STRIPPER,121,2167.98,17.862727272727273
ROUTER_POWER_TOOL,21,2161.88,102.94666666666667
PICNIC_HOLDER,56,2146.54,38.33107142857143
DECORATIVE_CUTOUT,147,2143.55,13.846054421768708
BICYCLE_CARGO_RACK,62,2137.7400000000002,33.803548387096775
DIMENSIONAL_MEASUREMENT_CALIPER,110,2132.98,19.29990909090909
BABY_RATTLE,202,2112.75,10.204950495049506
SCREW_GUN,54,2099.26,38.87518518518519
ENGINE_EXHAUST_PIPE,40,2094.86,50.4465
SPINNING_TOY_TOP,111,2092.8,18.076756756756758
TRIVET,156,2087.17,12.546923076923077
PET_SEAT,52,2082.37,39.46884615384616
CAPACITOR,126,2079.37,15.196349206349206
PANTRY,334,2076.87,4.9223652694610776
FOOD_COLORING,213,2075.93,9.66830985915493
POTPOURRI_SACHET,141,2071.0,13.618156028368794
IMPACT_PROTECTION_GEAR,93,2062.63,21.9847311827957
WEBCAM,39,2052.65,50.837435897435896
HOUSEHOLD_VARNISH,85,2044.4,19.41894117647059
GOLF_PRACTICE_MAT,44,2038.81,46.33659090909091
SPOON_REST,169,2034.93,11.946449704142012
MANNEQUIN_CLOTHING_FORM,53,2028.3700000000001,38.2711320754717
MICROCURRENT_FACIAL_MACHINE,35,2018.8400000000001,55.79571428571429
VEHICLE_GRILLE,31,2010.99,63.37
MEDICAL_SCRUB_SET,68,2010.58,22.67735294117647
SHIN_GUARD,103,2007.97,19.378543689320388
HELMET,61,2000.96,25.534098360655737
TERMINAL_BLOCK,100,1997.3,18.8858
CURTAIN_SWAG_HOLDER,149,1996.58,11.159060402684563
LIGHT_BULB_SOCKET,190,1980.41,9.641473684210528
RADAR_DETECTOR,18,1972.4299999999998,109.57944444444443
VEHICLE_LIGHTING_CONVERSION_KIT,45,1964.16,42.775777777777776
FISHING_NET,116,1951.37,14.541120689655171
ABIS_VIDEO_GAMES,49,1936.99,37.537551020408166
CHISEL,81,1920.1299999999999,23.705308641975307
RANGE,33,1917.6100000000001,57.80636363636364
FOOD_MASHER,133,1899.9,14.104736842105263
COOKTOP,36,1893.81,52.60583333333333
DIGITAL_DEVICE_12_ACCESSORY,69,1893.4,22.457246376811593
CHAINSAW_CHAIN,93,1889.28,18.939247311827955
NAIL_POLISH_BRUSH,190,1888.64,9.94021052631579
ADULT_COSTUME,89,1887.54,20.456966292134833
SNOW_CHAIN,27,1887.19,61.6437037037037
PHONE,46,1874.39,38.13956521739131
OUTBOARD_MOTOR,24,1866.6399999999999,76.3325
TRADING_CARDS_FACTORY_SEALED,41,1858.1100000000001,41.492439024390244
MEDIA_STORAGE,79,1847.58,21.10506329113924
PORTABLE_AUDIO,50,1845.1399999999999,36.9028
CARGO_NET,96,1842.07,18.612916666666667
SKEWER,163,1838.34,10.80478527607362
BLEACH,152,1836.11,11.669276315789475
LEG_SLEEVE,130,1800.93,13.669076923076924
FIDGET_TOY_SPINNER,145,1798.74,12.075379310344829
OTC_MEDICATION,93,1798.3999999999999,18.983010752688173
FAUCET_WATER_AERATOR,156,1767.79,11.200833333333334
GUN_SLING,80,1758.8,21.985
ROLLER_CHAIN,92,1753.95,18.956521739130434
DISH_DRYING_MAT,142,1746.0,11.596056338028168
ELECTROSHOCK_WEAPON,86,1740.1,18.578023255813953
SPORT_FACE_MASK,75,1732.49,22.014266666666664
ELASTIC_BAND,218,1732.0,7.574587155963303
SWIM_FIN,68,1730.28,25.341764705882355
VEHICLE_SEAT,22,1728.42,76.47454545454546
Video Game,48,1717.92,35.79
SNOWSUIT,32,1711.65,53.4890625
CONSUMER_SERVICES_SUBSCRIPTION,109,1709.5,15.68348623853211
FASHIONNECKLACEBRACELETANKLET,89,1709.38,18.833258426966292
HEAT_SINK,132,1696.79,11.412424242424242
COLLECTIBLE_COINS,96,1696.29,17.35770833333333
PALETTE_PUTTY_KNIFE,169,1693.14,9.951183431952662
ZIPPER_FASTENER,151,1690.09,10.782317880794702
ELECTRICAL_HOUSING,105,1683.46,13.189047619047619
HAND_SEWING_NEEDLE,264,1678.89,6.054772727272727
DECORATIVE_POM_POM,129,1677.79,11.695193798449614
SNOW_GLOBE,65,1668.11,24.72646153846154
SNOWSHOE,27,1648.97,61.07296296296296
SPORTS_MEMORABILIA,38,1640.13,42.87315789473684
HANGING_MOBILE,58,1622.45,27.973275862068967
Ecard Gift Certificate,38,1588.09,41.79184210526316
LOOSE_CUT_GEM,97,1583.43,15.158556701030927
TIRE_VALVE_STEM_CAP,207,1581.43,7.51719806763285
SPIRITS,78,1580.4199999999998,19.04551282051282
FASHIONOTHER,156,1575.43,9.959935897435898
SECURITY_SYSTEM,32,1558.04,48.201875
CAR_ALARM,61,1555.6599999999999,24.515081967213117
CORE_PIT_REMOVER,149,1552.01,10.342416107382551
DRIP_IRRIGATION_KIT,74,1543.47,20.389594594594595
SWIM_CAP,125,1531.06,12.088799999999999
DRIED_PLANT,88,1520.19,16.059886363636362
VEHICLE_EXTERIOR_GUARD,41,1519.8899999999999,36.09512195121951
PUSH_PULL_TOY,83,1512.68,18.069036144578313
GUILD_ACCESSORIES,82,1512.24,18.441951219512195
CARRYING_CASE_OR_BAG,73,1508.16,20.584520547945207
CAPO,143,1503.48,10.47895104895105
PLAYHOUSE,23,1494.55,61.52913043478261
FACIAL_TISSUE_HOLDER,91,1490.17,15.733956043956043
LAUNDRY_APPLIANCE,29,1487.46,51.291724137931034
CYCLING_COMPUTER,34,1481.53,43.16294117647059
PRESSER_FOOT,97,1479.0,15.166082474226803
SANDBOX,37,1473.0,38.505405405405405
HANDLEBAR_GRIP,96,1446.5,14.597604166666665
EYEWEAR,70,1445.23,20.074857142857145
MESS_KIT,59,1422.76,23.94237288135593
CAR_AUDIO_OR_THEATER,23,1420.98,58.73869565217392
PERCUSSION_INSTRUMENTS,17,1415.55,83.26764705882353
TRANSFORMER,65,1410.09,20.74046153846154
BABY_BATHTUB,56,1403.44,25.06142857142857
BUCKLE,144,1395.7,9.270625
GUILD_BEAUTY_GROOMING,74,1391.61,18.15716216216216
O_RINGS,122,1369.3799999999999,10.535983606557378
FLAME_WICK,140,1366.69,9.614642857142856
SERVEWARE,89,1366.42,15.061123595505618
CLOTH_NAPKIN,74,1349.8999999999999,16.22202702702703
VEHICLE_EMBLEM,73,1346.92,17.85890410958904
HARDWARE_PIN,107,1341.09,10.627289719626168
DIGITAL_VIDEO_RECORDER,19,1337.82,70.41157894736841
DIVE_MASK,57,1322.1299999999999,22.732105263157894
MEAT_ALTERNATIVE,179,1321.77,6.209497206703911
TIRE_COVER,47,1309.21,25.6268085106383
ABIS_LAWN_AND_GARDEN,42,1306.65,27.317142857142855
WIND_SPINNER,63,1306.55,20.327142857142857
VEHICLE_MOLDING,44,1302.18,29.595000000000002
SNOWBOARD_BOOT,7,1288.21,184.03
SKIN_CARE_PRODUCT,56,1268.65,22.548392857142858
SPORT_BOARD_SKI,22,1268.64,57.66545454545455
BOOK_COVER,114,1263.48,10.52219298245614
GUN_SUPPORT,28,1262.92,44.17607142857143
BOX_SPRING,10,1254.45,109.545
ADHESIVES_AND_SEALANTS,103,1246.17,11.84271844660194
ART,82,1245.93,14.889878048780488
BAG,34,1241.21,36.50617647058824
SHEET_PAPER,129,1238.71,9.528062015503878
MOTORCYCLE_ACCESSORY,22,1238.01,56.27318181818182
HANDLEBAR,48,1233.41,25.192083333333333
KITE,68,1229.7,18.083823529411767
GARBAGE_DISPOSAL_UNIT,11,1229.07,111.73363636363636
BICYCLE_SEATPOST,39,1220.68,30.545641025641025
REFRIGERATION_APPLIANCE,23,1205.11,48.9695652173913
STREAMING_MUSIC_SUBSCRIPTION,139,1184.52,8.521726618705037
GRAVITY_BEVERAGE_DISPENSER,49,1178.94,22.47
POWERSPORT_VEHICLE_FOOTREST,16,1175.06,72.39750000000001
CONFETTI,107,1172.48,10.072990654205608
TOGGLE_SWITCH,94,1167.43,10.345425531914893
POWER_SUPPLY,33,1163.3,35.25151515151515
HEATING_STOVE,5,1159.8600000000001,231.97200000000004
BICYCLE_BASKET,52,1155.1299999999999,22.214038461538458
BICYCLE_DERAILLEUR,36,1132.48,31.264722222222222
SEWING_MACHINE_NEEDLE,109,1129.48,9.742660550458716
FLOOR_COVER,15,1123.45,74.89666666666668
TOY_STROLLER,41,1114.1299999999999,26.442682926829264
VEHICLE_SPOILER,14,1109.8600000000001,79.2757142857143
TOOL_BELT,58,1108.31,18.93655172413793
PASTRY_BASTING_BRUSH,130,1098.65,8.374307692307694
NAPKIN_HOLDER,70,1075.35,15.105142857142855
BODY_CARE_PRODUCT,81,1064.67,11.339506172839506
HOOKAH,28,1055.9,37.71071428571429
VEHICLE_WINDOW,8,1041.71,130.21375
TRASH_COMPACTOR,53,1040.93,19.37622641509434
NAVIGATION_COMPASS,61,1039.74,16.319344262295083
FURNITURE_SLIDER,78,1030.13,11.58974358974359
BICYCLE_BRAKE_PAD,66,1028.46,13.19530303030303
SMOKING_PIPE,68,1022.79,13.532352941176471
HOPPING_TOY,48,1012.04,21.084166666666665
HEAT_TRANSFER_MATERIAL,67,1010.87,14.848955223880598
SHOWER_ENCLOSURE,7,1010.54,144.36285714285714
CULINARY_MUSHROOM,194,1006.89,4.421391752577319
BEARINGS_AND_BUSHINGS,30,1004.13,32.61033333333333
CYCLING_EQUIPMENT,27,1003.08,36.04037037037037
CIGARETTE_CASE,88,995.73,11.042613636363637
PINATA,56,989.61,17.671607142857145
CONSUMABLES_EMAIL_GIFT_CARD,18,981.0,54.5
ELECTRONIC_BOOK_READER,14,976.5500000000001,69.75357142857143
YO_YO,78,971.5699999999999,12.18923076923077
CAMERA_ENCLOSURE,46,967.87,21.040652173913042
CAMPING_EQUIPMENT,37,954.59,24.787297297297297
BICYCLE_BELL,88,940.94,10.28965909090909
COIN_PURSE_POUCH,92,938.86,10.205
CUTLERY,42,931.23,19.96357142857143
ABIS_HOME_IMPROVEMENT,21,928.99,41.47571428571429
MULTIFUNCTION_DEVICE,7,923.38,131.91142857142856
RAM_MEMORY,12,920.03,66.67
VEHICLE_HORN,46,905.61,19.040869565217392
ABRASIVE_BRUSH,95,898.98,9.462947368421053
SHARPS_DISPOSAL_CONTAINER,73,872.98,11.671506849315069
GUILD_APPAREL,41,869.02,21.000731707317073
INDUSTRIAL_HOSE,24,856.42,35.24666666666666
SNAP_FASTENER,82,855.1,10.178780487804877
KEYBOARD_TRAY,17,853.03,50.17823529411765
ELECTRICAL_DISTRIBUTION_BOARD,22,843.4599999999999,38.339090909090906
BEVERAGE_DISPENSING_APPLIANCE,1,829.0,829.0
NAIL_DRYER,40,786.22,19.6555
ROUTER_BIT,39,778.04,19.949743589743587
BOOKS_1973_AND_LATER,34,776.9300000000001,22.850882352941177
TOOL_CHUCK,47,770.27,16.38872340425532
BLANK_MEDIA,46,768.38,15.112826086956522
INCUBATOR,6,761.35,103.14333333333333
GOLF_CLUB_COVER,34,746.52,21.956470588235295
HANDLE_GRIP,37,740.93,19.556486486486488
IMMERSION_HEATER,29,723.51,24.948620689655172
ABIS_ELECTRONICS,16,719.62,38.4725
FINERING,23,712.33,30.97086956521739
FINENECKLACEBRACELETANKLET,21,704.58,33.55142857142857
EDUCATIONAL_SUPPLIES,60,703.03,10.952166666666667
GUN_GRIP,26,698.42,20.543846153846154
GUILD_TOYS_AND_GAMES,34,673.43,19.71
ABIS_KITCHEN,31,666.5699999999999,21.078387096774193
STROLLER_PROTECTION_SHIELD,37,663.55,17.93378378378378
STORE_FIXTURES_AND_EQUIPMENT,26,662.9399999999999,21.712692307692308
HAIR_CARE_PRODUCT,43,660.13,15.073023255813952
TRAILER_HITCH_COVER,31,651.59,21.019032258064517
ABIS_DRUGSTORE,46,649.16,13.048260869565217
EDIBLE_OIL_ANIMAL,33,633.3,18.459090909090907
WASHER_DRYER_COMBINATION,3,599.97,199.99
LITTER_BOX_ENCLOSURE,2,599.96,149.99
PHOTOGRAPHIC_STUDIO_ITEMS,11,573.03,52.093636363636364
TOWEL_WARMER,4,569.96,142.49
DINNERWARE,31,568.81,17.51032258064516
FISHING_WEIGHT,48,560.51,11.030833333333334
BOOK,37,555.29,15.007837837837837
MODEL,23,542.88,23.603478260869565
SEAFOOD,18,533.15,19.322222222222223
STEERING_WHEEL,11,524.26,47.66
FISHING_ROD_HOLDER,22,512.27,17.88
SHOE_BAG,37,510.76,12.183783783783785
CUFF_LINK,35,507.41,14.070285714285713
FASHIONRING,40,503.14,12.5785
SOFTWARE_GAMES,21,496.90999999999997,23.66238095238095
TOFU,111,496.06,2.6634234234234233
CYCLING_WHEEL,12,484.59000000000003,40.3825
CHILDRENS_COSTUME,29,483.39,16.427586206896553
ELECTRONIC_DEVICE_FACEPLATE,26,483.07,18.579615384615384
BAKEWARE,31,470.45,14.756774193548386
POWER_WINCHES,2,469.76,234.88
GROMMETS,31,464.84,14.994838709677419
TRADING_CARDS_MISC_TRADING_CARDS,26,464.03999999999996,16.888076923076923
SPORT_BINDING,8,454.71999999999997,49.44
POWERSPORTS_PROTECTIVE_GEAR,9,453.32,37.86888888888889
DOWNLOADABLE_SOFTWARE,8,449.84,56.23
SALWAR_SUIT_SET,11,444.78,40.43454545454545
NON_DAIRY_CHEESE,59,443.42,6.872881355932203
FUEL_LAMP,15,439.97,29.331333333333337
HOME_THEATER_SYSTEM_OR_HTIB,3,420.97,140.32333333333335
VIDEO_DEVICE,2,417.98,208.99
SEWING_PATTERN,40,416.33,10.408249999999999
TOW_SPORTS_LINE,10,415.65999999999997,41.565999999999995
APPLIANCE_ACCESSORY,24,412.89,16.18
Health and Beauty,36,409.52,11.181111111111111
GREASE_GUN,7,404.69,57.81285714285714
GPS_OR_NAVIGATION_ACCESSORY,21,403.76,18.762857142857143
CAMERA_LENS_ACCESSORY,11,396.44,36.04
FINEEARRING,9,392.43,43.60333333333333
CARPETING,13,387.2,26.755384615384614
DAILY_LIVING_AIDS,19,383.35,16.18263157894737
COOLING_RACK,26,380.54,14.021153846153847
BLOOD_LANCET,41,369.8,9.019512195121951
NON_DAIRY_YOGURT,59,368.89,2.9949152542372883
LIGHTER_FLUID,30,367.67,12.255666666666666
SOFTWARE,6,365.9,60.98333333333333
GUILD_PET_SUPPLIES,25,364.66,14.0668
ENTERTAINMENT_MEMORABILIA,22,357.40999999999997,14.930454545454545
SALAD_SPINNER,18,357.12,18.951666666666668
DOWNLOADABLE_TV_SEASON,22,350.78,15.036363636363637
BOOKSHELF_OR_MICRO_STEREO_SYS,1,349.95,349.95
DVD_PLAYER_OR_RECORDER,8,346.37,43.29625
RICE_WINE,27,344.71,12.767037037037037
PROTECTED_COLLECTION,16,341.84999999999997,21.365624999999998
3D_PRINTING_PEN,6,339.58000000000004,56.59666666666667
HUMIDOR,10,336.57,33.657
COMPUTER_SPEAKER,9,328.31,36.47888888888889
NON_DAIRY_ICE_CREAM,68,327.71000000000004,4.766323529411765
PORTABLE_AV_DEVICE,9,327.26,36.36222222222222
ABIS_HOME,19,326.83,16.63842105263158
END_MILLS,27,324.99,12.036666666666667
WIRELESS_LOCKED_PHONE,2,315.7,157.85
FASHIONEARRING,25,305.22,11.3696
GIFT_XXRD,6,300.0,50.0
MOTORCYCLE_PART,6,299.3,49.88333333333333
MUSIC_POPULAR,10,293.65,29.365
CARD_SHUFFLER,16,293.27,16.268124999999998
ABIS_PC,7,289.59000000000003,38.84428571428571
TOPICALS,35,282.54,7.617142857142857
STAMPS,13,281.98,18.86
ALCOHOLIC_BEVERAGE,12,276.02,22.169166666666666
WHISTLE,33,274.73,8.083030303030304
BED_LINEN,16,274.54,16.410625
DIGITAL_DEVICE_7,37,270.43,4.611621621621621
OLIVE,79,268.25,2.870632911392405
Misc.,20,261.38,12.1485
BULLION,7,252.61,36.08714285714286
HAIR_REMOVAL_AND_SHAVING_PRODUCT,10,248.73999999999998,24.874
PLASTIC_TUBING,24,243.48,9.071250000000001
ELECTRONIC_CONTROLLER,12,242.21999999999997,18.6025
FLASK,18,241.96,13.442222222222222
PHOTOGRAPHIC_PAPER,5,236.45,47.29
HOME_PARTS,4,235.47,54.805
POWER_RACK,1,230.69,230.69
KINDLE_UNLIMITED_MEMBERSHIP,8,229.76999999999998,28.721249999999998
NAPKIN_RING,17,228.87,12.066470588235294
BIRDBATH,8,228.1,28.5125
SAREE,5,226.97,45.394
IRRIGATION_EQUIPMENT,2,226.23,113.115
BATTERY_CHARGER_OR_TESTER,14,225.96,16.14
SHAVING_BRUSH,15,225.39000000000001,12.774000000000001
CLEANING_PRODUCT,18,225.07,12.503888888888888
GOLF_CART,1,211.0,211.0
CHANGING_TABLE,1,209.99,209.99
UNION_SUIT,9,209.24,23.24888888888889
SHOE_POLISH,18,207.29,11.51611111111111
KURTA,8,201.94,25.2425
ARTIFICIAL_SNOW,14,196.67,14.047857142857142
VCR,2,195.5,97.75
SATELLITE_RECEIVER,6,195.44,32.57333333333333
GAME_CALL,8,189.45999999999998,23.682499999999997
LINEAR_GUIDES_AND_RAILS,5,173.49,29.022000000000002
SPORTS_DRINK,11,163.23,9.120000000000001
THREADED_RODS_AND_STUDS,11,162.87,14.806363636363637
ABIS_TOY,9,162.77,18.08555555555556
SEALS,4,161.49,40.3725
EYEGLASS_REPAIR_KIT,23,159.64000000000001,6.940869565217392
TRAVEL_GARMENT_BAG,3,158.55,52.85
MACHINE_THREADING_TOOL,6,157.94,26.323333333333334
CAMERA_BAGS_AND_CASES,7,157.89999999999998,22.557142857142853
POWERSPORTS_RIDING_GLOVES,2,157.32,78.66
ELECTRONIC_CIGARETTE_LIQUID,15,156.31,10.420666666666667
POWERSPORTS_RIDING_JACKET,1,152.99,152.99
PREPARED_DOUGH,32,152.16,4.313125
SAUNA,1,150.74,150.74
VEHICLE_BRAKE_CALIPER,2,148.75,74.375
HAND_FAN,14,147.26,10.518571428571429
CLIMBING_HOLD,4,145.88,36.47
PHOTOGRAPHIC_LIGHTING,4,144.95,31.24
ABIS_SPORTS,18,143.08,7.94888888888889
DIGITAL_DEVICE_19_ACCESSORY,6,140.94,23.49
Tools & Home Improvement,3,139.92,27.543333333333333
MEDICAL_SUPPLIES,4,134.39000000000001,24.975
TRADING_CARDS_CARDS_SETS,16,134.29,8.393125
MUSIC_POPULAR_VINYL,3,133.98,44.66
ABIS_EBOOKS,14,133.54000000000002,9.53857142857143
COSTUME_FACIAL_HAIR,14,131.34,9.381428571428572
WINDOW_INSULATION_KIT,8,131.32,11.34375
MEMORY_READER,11,130.73,11.884545454545453
HOME_ENTERTAINMENT_SERVICES,1,129.99,129.99
POOL_HEATER,1,128.96,128.96
PRINTED_PRODUCT,13,127.74,7.919230769230769
POWERSPORTS_RIDING_APPAREL,2,124.97999999999999,62.489999999999995
GOURMET_FOOD,11,124.95,11.35909090909091
HARDWARE_NAIL,22,124.91,5.677727272727273
HOSIERY,8,123.92,15.49
WINDSHIELD_SNOW_COVER,4,121.94999999999999,24.49
DAIRY_BASED_PUDDING,28,120.48,3.3464285714285715
WIRELESS_SERVICE_PLAN,3,120.0,40.0
POWER_HOISTS,1,119.99,119.99
FIRE_GRATE,1,119.99,119.99
CHOLI,4,118.96,29.74
HAMMOCK_STAND,2,117.92999999999999,58.964999999999996
KIMONO,5,115.94999999999999,23.189999999999998
SNACK_FOOD,6,115.79,14.061666666666667
Software Download,7,114.97999999999999,14.997142857142856
WATERCRAFT_PADDLE,3,114.9,38.300000000000004
DART_FLIGHT,8,111.35,13.91875
COCKTAIL_MIX,5,110.61,22.122
DIGITAL_DEVICE_5_ACCESSORY,1,110.01,110.01
PUNCH_TOOL,3,109.98,36.660000000000004
BELTS,6,108.03,15.088333333333333
CRAFT_EYE,12,106.38,8.865
CORRECTION_MATERIAL,17,105.0,6.176470588235294
FLEXIBLE_MAGNET,13,104.22,6.892307692307693
Sports,6,102.32,17.05333333333333
POWERSPORTS_RIDING_HELMET,2,100.07,50.035
ELECTRONIC_GIFT_XXRD,2,100.0,50.0
FSN_DEVICES,2,99.98,49.99
VEHICLE_BALL_JOINT,3,99.58,16.596666666666668
Apparel,5,99.43,19.886000000000003
COSTUME,5,94.19999999999999,17.166
Electronics,6,90.89,15.148333333333333
Personal Computers,8,90.75,11.34375
INDUSTRIAL_WHEELS,3,88.97,29.656666666666666
FUEL_INJECTOR,1,88.0,88.0
DONUT,16,86.5,4.8325000000000005
INTERCONNECT,8,84.83,10.60375
METALS,5,84.5,16.9
AGILITY_LADDER,5,82.53999999999999,16.508
CAR_PARTS_AND_ACCESSORIES,1,81.89,81.89
DENT_REMOVAL_TOOL,3,81.6,27.2
Paperback,7,80.53,11.504285714285714
PHOTOGRAPHIC_LIGHT_METER,3,79.47,26.49
TOW_HITCH_LOCK,5,78.82,15.764
AUTO_CHEMICAL,1,78.29,78.29
GLOVES,4,77.38,19.345
PULLEYS,3,76.97,25.656666666666666
SOIL_AERATOR,3,76.94999999999999,25.649999999999995
PIPET,8,76.01,8.6275
PET_FUR_DEODORIZER,11,73.22,6.656363636363636
SPROCKETS,2,71.09,35.545
FOOTWEAR,4,70.96,17.74
CLEANING_WIPE_DISPENSER,8,70.68,8.835
NON_DAIRY_PUDDING,11,70.67,5.320909090909091
GUILD_SHOES,1,68.9,68.9
FOOD_MILL_GRINDER,2,68.9,34.45
PORTABLE_ELECTRONICS,8,66.88,8.36
LETTER_OPENER,10,66.77,6.677
CUTICLE_PUSHER,12,63.88,5.323333333333333
HEALTH_FOOD,3,63.33,21.11
DOWNLOADABLE_AUDIO,1,60.36,60.36
LAB_PUMP,1,59.99,59.99
HISTORICAL_COLLECTIBLES,1,59.95,59.95
METAL_TUBING,2,58.89,29.445
ABRASIVE_DISCS,5,58.29,11.658
ABIS_BEAUTY,5,58.11,11.622
CONTACT_LENSES,3,55.8,13.603333333333333
PC_BOARD_RELAY,5,54.95,10.99
ABIS_BABY_PRODUCT,2,54.94,27.47
COMPRESSION_SPRINGS,7,53.980000000000004,7.711428571428572
COLLECTIBLES,6,53.21,8.868333333333334
SKILL_APPLICATION,5,52.919999999999995,10.584
NETWORK_ACCESSORY,4,51.97,12.9925
FOOD_OR_BEVERAGE_ RMER,1,51.06,51.06
VIBRATION_SENSOR,2,49.98,24.99
MATERIAL_CERTIFICATION,3,49.97,16.656666666666666
CLOTH_WRAP,2,49.94,24.97
AGRICULTURAL_SUPPLIES,2,48.709999999999994,24.354999999999997
PREPARED_AND_PRESERVED_FOOD,11,48.17,3.8172727272727274
MUSIC,4,48.120000000000005,12.030000000000001
HOT_MELT,5,47.44,9.488
ELECTRONIC_CIGARETTE,3,47.33,15.776666666666666
BABY_COSTUME,2,46.98,23.49
ABIS_VIDEO,4,46.440000000000005,11.610000000000001
VIDEO_VHS,3,44.97,14.99
Office Product,1,43.89,43.89
HORSE_TACK_EQUIPMENT,3,41.97,13.99
DIP_SWITCH,5,41.65,8.33
Kitchen,3,41.56,13.853333333333333
ABIS_OFFICE_PRODUCT,2,40.92,20.46
AUDIO_POWER_AMPLIFIER,1,40.91,40.91
GIFTS_AND_OCCASIONS,2,39.98,19.99
MEDICAL_DEVICE,2,39.98,19.99
FUDGE,2,39.849999999999994,19.924999999999997
ABIS_PET_PRODUCTS,3,39.839999999999996,13.28
FITNESS_EQUIPMENT,1,38.99,38.99
VIDEO_PROJECTOR_PART,1,38.89,38.89
RIVET,3,37.87,12.623333333333333
POWER_TRANSFORMER,1,36.99,36.99
SPORTING_AND_OUTDOOR_GOODS,1,36.99,36.99
ETHNIC_WEAR,2,35.980000000000004,11.495000000000001
FIXED_RESISTOR,3,35.97,11.99
FLEXIBLE_COUPLINGS,3,35.97,11.99
POWERSPORTS_VEHICLE,2,34.43,17.215
PROTECTIVE_GEAR,1,34.35,34.35
GUILD_BABY,2,33.98,16.99
MOBILE_APPLICATION,2,33.9,16.95
Wireless Phone Accessory,3,32.83,10.943333333333333
HARDWARE_SPACER,3,32.41,10.803333333333333
VIDEO_GAME,1,32.3,32.3
OPTOELECTRONIC_COMPONENT,3,30.520000000000003,10.173333333333334
LCD_GRAPHIC_DISPLAY,1,29.99,29.99
TEMPERATURE_CONTROLLER,1,29.99,29.99
DUPATTA,2,29.98,14.99
LAB_UTENSIL,1,29.98,14.99
VINE,2,29.92,14.96
LAB_SUPPLY_TUBE,2,28.380000000000003,14.190000000000001
DOWNLOADABLE_TV_SERIES,2,28.18,14.09
PILL_CUTTER,4,27.96,6.99
THREADING_DIES,1,27.44,27.44
PLASTICS,1,27.0,27.0
GUN_RACK,2,26.98,13.49
Toy,2,26.78,13.39
PRINTED_MEDIA,3,26.53,8.843333333333334
CAMERA_PRIVACY_COVER,4,25.84,6.46
ABIS_APPAREL,3,25.25,8.416666666666666
TOPICAL_HAIR,1,25.0,25.0
SNOWBOARD_BINDING,2,25.0,12.5
ELECTRIC_STIRRER,1,24.99,24.99
VEHICLE_HEAT_SHIELD,1,24.99,24.99
NONAPPARELMISC,1,24.95,24.95
SASH,3,23.97,7.989999999999999
PROTOTYPING_BOARD,2,22.48,11.24
MISC_WORLD_INSTRUMENTS,2,21.08,10.54
SATELLITE_OR_DSS,1,20.99,20.99
DOUBLE_BOILERS,1,20.98,20.98
SEWING_MACHINE_BOBBIN,3,20.96,6.986666666666667
FLOWERS,2,20.89,10.445
DIGITAL_DEVICE_11_ACCESSORY,1,19.99,19.99
PENCIL_LEAD_REFILL,2,19.98,9.99
HARDWARE_ANCHOR,2,19.98,9.99
FRAGRANCE,1,19.98,19.98
TEMPEH,4,19.94,3.34
STREAMING_VIDEO_SUBSCRIPTION,12,19.88,1.6566666666666665
TRANSISTOR,3,19.72,6.573333333333333
WATCHES,1,19.0,19.0
TEACHING_AND_SCHOOL_SUPPLIES,1,18.9,18.9
PRINTS_AND_POSTERS,2,18.78,9.39
THREADSEALING_ADHESIVES,4,18.75,4.6875
PRODUCT,3,18.44,6.146666666666667
ACCELERATION_SENSOR,2,17.98,8.99
PIE,2,17.68,8.84
ELECTRONIC_KNOB,2,17.6,8.8
CHAFING_DISHES,1,17.3,17.3
CIGAR_CUTTER,3,17.23,5.743333333333333
RESISTOR,3,16.29,5.43
DIGITAL_DEVICE_ACCESSORY,1,15.99,15.99
BABY_FOOD,1,15.48,15.48
Blu-ray,1,15.0,15.0
BLOUSE,1,14.99,14.99
VEGETARIAN_EGG_SUBSTITUTE,5,14.450000000000001,2.89
ANTI_SLIP_BATHTUB_SHOWER_MAT,1,13.62,13.62
ELECTRONIC_COMPONENT_LAMP_HOLDER,1,12.99,12.99
CAMERA_STAGE_LIGHTING_FILTER_DIFFUSER,1,12.99,12.99
CE_CARRYING_CASE_OR_BAG,2,12.98,6.49
BODYSTOCKING,2,12.940000000000001,6.470000000000001
FINEOTHER,1,11.98,11.98
FASHION_JEWELRY,1,11.69,11.69
SHAFT_COLLAR,2,10.780000000000001,4.525
3D_GLASSES,1,9.99,9.99
THREADING_TAPS,1,9.99,9.99
COMPUTER_VIDEO_GAME_CONTOLLER,1,9.99,9.99
SPORT_POM_POM,1,9.99,9.99
CABLE,2,9.200000000000001,4.6000000000000005
THERMISTOR,1,8.99,8.99
Lawn & Patio,1,8.16,8.16
DVD,1,7.97,7.97
EXTRACT,1,7.52,7.52
ZENER_DIODE,1,7.49,7.49
TRADING_CARDS_UNGRADED_INSERTS,2,7.21,3.605
CAMERA_POWER_SUPPLY,1,6.99,6.99
COMMUNICATIONS_INTEGRATED_CIRCUIT,1,6.99,6.99
TICKET_ROLL,1,5.95,5.95
LIGHT_EMITTING_DIODE,1,5.92,5.92
Hardcover,1,5.83,5.83
PODCAST_EPISODIC_AUDIO_BROADCAST,1,4.8,4.8
NONACTIVATED_GIFT_CARD,1,2.99,2.99
RELISH,1,2.49,2.49
